,10,11,12,13,14,15,16,17,18,19,1,20,21,22,23,249,24,250,251,252,253,254,255,256,257,258,259,25,260,261,262,263,264,265,266,267,268,269,26,270,271,272,273,274,275,276,277,278,279,27,28,29,2,30,31,3,4,559,560,561,562,563,564,565,566,567,568,569,570,571,572,573,574,575,576,577,578,579,580,581,582,583,584,585,586,587,588,589,5,6,7,8,9
10,0.9999999999999998,0.05221579261579061,0.061640308395117395,0.7579600756960473,0.14018370470811115,0.051927304366679465,0.6230886731498739,0.053175521134627445,0.7954982993402548,0.12406253726809267,0.0,0.004535282720069234,0.6461350974681489,0.0,0.03348467616465474,0.6837989169166178,0.029356537430327238,0.17373911322471622,0.638954808120686,0.088472199344313,0.0858973785171832,0.008012940053966898,0.11147761743570549,0.010558084192249746,0.46012490284746466,0.008568577859998901,0.5375417173217771,0.0,0.0006802015577074677,0.16844038701685451,0.0,0.005856263315410241,0.08172162878068198,0.0,0.0752634109773768,0.0,0.024371981061281817,0.6794378284923628,0.06738112870247724,0.0,0.031195873294251053,0.0,0.0,0.0,0.0011963966395475223,0.06402852862283157,0.009060711364569683,0.0008092862663585206,0.0012369798034160887,0.1257525401985688,0.0,0.042332635317148586,0.0,0.0,0.0,0.5546835450588176,0.0,0.2278175813622507,0.5912249211788949,0.7453700226163937,0.5140408716127921,0.797626931233399,0.41289269841051435,0.6765368910331376,0.37838997827033216,0.6300757622846277,0.4991233527317108,0.45348796521252716,0.06408300164080047,0.5128142829958006,0.37970480604136225,0.40221055643835013,0.43891920328682527,0.3915320907513251,0.0,0.13045707492363515,0.5612946665751095,0.5986622200277671,0.15164948736991735,0.0,0.23377619649658093,0.0,0.00045971857824000413,0.0,0.01599108130963913,0.0213906882550283,0.41258273914917265,0.1534800098495831,0.7705019141988462,0.0,0.6660869376875974,0.1861131483504417,0.7668108049796388
11,0.05221579261579061,0.9999999999999996,0.0,0.07077347977829715,0.0,0.0,0.08517123633045079,0.0,0.0,0.0,0.0,0.0,0.0,0.0,0.0,0.1440144080487544,0.0,0.03895869727475626,0.05058877519138989,0.0,0.004081309486152802,0.0,0.0,0.0,0.007461897554053336,0.0,0.034153491388006024,0.0,0.0,0.025865786671384745,0.0,0.0,0.0,0.0,0.0,0.0,0.0,0.06336458412317521,0.0,0.0,0.0628074401253825,0.0,0.0,0.0,0.0,0.0,0.00026545297458340286,0.0,0.0,0.0,0.0,0.0,0.0,0.0,0.0,0.0,0.0,0.0,0.0,0.11095443895565582,0.03145174175496545,0.04042318250079572,0.0,0.0,0.042241710146692785,0.040909286451816504,0.0007657926566694295,0.0,0.0,0.012097238154949782,0.0,0.0,0.1547165365518274,0.0,0.0,0.0,0.0,0.0,0.0,0.0,0.0,0.0,0.0,0.0,0.0,0.0,0.043045806244377816,0.0,0.0,0.0,0.048565520293625014,0.0,0.11118661321180066
12,0.061640308395117395,0.0,0.9999999999999996,0.0,0.0,0.0,0.11006617637700868,0.0,0.0,0.0,0.0,0.0,0.02259357161826669,0.0,0.0,0.0,0.0,0.028034712195569515,0.0,0.0,0.0,0.0,0.0,0.0,0.0,0.0,0.010643058722521102,0.0,0.00941875273829804,0.0,0.0,0.0,0.0,0.0,0.0,0.0,0.0,0.005459050949166538,0.0,0.0,0.0,0.0,0.0,0.0,0.0,0.0,0.0,0.0,0.0,0.0,0.0,0.0,0.0,0.0,0.0,0.0,0.0,0.0,0.0,0.02260223642550429,0.0,0.0,0.0,0.0,0.004173806570071156,0.0,0.024563682677485706,0.0,0.0,0.021162815827466087,0.0,0.0,0.007590398170813928,0.0,0.0,0.0,0.15293586152740862,0.03472295575770518,0.0,0.0,0.0,0.0,0.0,0.0,0.0,0.0,0.050813078866411614,0.0,0.0,0.0,0.0,0.0,0.0544922044645475
13,0.7579600756960473,0.07077347977829715,0.0,0.9999999999999994,0.21095545197713253,0.0,0.743380995060962,0.20014947958926577,0.6736373405820444,0.0721137825737538,0.026314968110385972,0.0,0.5794913694882462,0.02851552679304633,0.0,0.582994450185248,0.0,0.14305425161462523,0.5898295638091676,0.11792969394027662,0.07102272520048433,0.013222456724442678,0.3962322436280437,0.01106490332507888,0.5756108851853261,0.0,0.4328277013110262,0.028021250715820224,0.37575874080868554,0.4936319350581963,0.0,0.3821163107925774,0.14971813231502643,0.005554013864603416,0.057445273775372716,0.0,0.0,0.6058351765496253,0.06777620761417126,0.008188982300947813,0.05053128663588744,0.06110712570609092,0.0,0.0,0.0029311315103297646,0.031816013027872306,0.011346844310513108,0.0011028483380811833,0.0,0.0,0.0,0.0,0.031848036791387854,0.08293657403992698,0.00021944907738803826,0.5886047259013625,0.04689123477374106,0.04787975028962709,0.633464468625446,0.6026992689415487,0.3909649537759959,0.672360051170072,0.34756308738687536,0.6410665643173671,0.3195060839620117,0.49557866557361513,0.39754996975289536,0.3498052017575729,0.15658065050227224,0.39505983299751685,0.2749601407767086,0.2907644858984871,0.32492420509093645,0.3437099944997198,0.10957350253273242,0.07466184233200114,0.46541334518166694,0.47418134800928763,0.4664805106796515,0.0,0.09150450138704772,0.0,0.007642098890708754,0.0,0.0,0.3733159314522424,0.43667769241599574,0.04548070204090223,0.6479321415246685,0.13048411363200155,0.800496353852933,0.07370089886405294,0.7364047902413418
14,0.14018370470811115,0.0,0.0,0.21095545197713253,0.9999999999999996,0.0,0.14217494618734466,0.0,0.0,0.0,0.0,0.0,0.0,0.0,0.0,0.0005773766027799409,0.0,0.0,0.026901130336441446,0.0,0.009217273009556557,0.05683709974852381,0.03229542788746805,0.0,0.0,0.0,0.0,0.0,0.00048494036872548006,0.0,0.0,0.0,0.0,0.0,0.0,0.0,0.0,0.0,0.0,0.0,0.0,0.0,0.0,0.0,0.0,0.0,0.0,0.0,0.0,0.0,0.0,0.0,0.0,0.0,0.0,0.0,0.0,0.0,0.10497863895041656,0.026385570117850445,0.10362222221273883,0.0,0.04512986497921018,0.006621547002785402,0.0,0.01009590464809001,0.02631892103390529,0.0036498029423232764,0.0,0.11167972290910452,0.0,0.0,0.0,0.14032573838146567,0.0,0.0,0.0,0.0,0.0,0.0,0.0,0.0,0.0,0.0,0.0,0.0,0.009311452432828009,0.0,0.0,0.0,0.0927357702507485,0.0,0.0
15,0.051927304366679465,0.0,0.0,0.0,0.0,0.9999999999999996,0.02156363950566137,0.0,0.0,0.0,0.0,0.0,0.0,0.0,0.0,0.02341505484986176,0.0,0.006224821699816323,0.0,0.0,0.00787160718917932,0.0,0.020034376730509073,0.0,0.013218430322000171,0.0,0.027967722357185025,0.0,0.0,0.005882764316523783,0.0,0.0,0.0,0.0,0.0,0.0,0.0,0.012495770919533886,0.0,0.0,0.04459458573312543,0.0,0.0,0.0,0.0068380838291568135,0.08927517244287166,0.0,0.0,0.0,0.0,0.0,0.0,0.0,0.0,0.0,0.0,0.0,0.0,0.03263103092122458,0.0,0.0,0.06264682230178555,0.0,0.026280678349497148,0.0,0.0,0.0,0.0,0.0,0.0,0.0,0.0,0.0,0.0,0.0,0.0,0.002765734125540108,0.0,0.010698365949692371,0.0,0.0,0.0,0.0,0.0,0.0,0.0,0.0,0.0,0.009900570153500725,0.0,0.02895119972433854,0.0,0.04197291897181804
16,0.6230886731498739,0.08517123633045079,0.11006617637700868,0.743380995060962,0.14217494618734466,0.02156363950566137,0.9999999999999996,0.17118242024046026,0.508453380406811,0.06633052703356758,0.0,0.0,0.42460068501750814,0.014666343046751818,0.00949966467684709,0.5150746741053707,0.0,0.1785179488224304,0.7083963853501021,0.1184617923072865,0.05773982627555739,0.010955743350562664,0.2989082686881277,0.01849378063434935,0.4858081185237371,0.0,0.5154422643259409,0.24084401593510085,0.34698187068612,0.5184372800606477,0.0,0.34643850698927814,0.04018805855843261,0.0,0.06985526727623462,0.0,0.0,0.6484620387366085,0.0,0.0,0.07397525359979906,0.018534036217647595,0.0,0.019095905039018354,0.004370915040766857,0.17425755002143434,0.0010662298396210176,0.0004924665613392153,0.0,0.0,0.0,0.0,0.16464101619514188,0.0,0.060161630163992535,0.7220604066837153,0.0,0.0,0.7063571987846506,0.722549318758385,0.5615357911657753,0.6587793009728382,0.5223756759381629,0.6235428527847146,0.5221359922380272,0.6648093719282134,0.5994252011338748,0.5468624541059403,0.0,0.5724034083022662,0.503002591880992,0.5130603483518302,0.5233471791996133,0.5198758225690147,0.12649643899145246,0.0,0.4102595143635329,0.4461941527061356,0.06855128099053472,0.19225571562231766,0.0,0.21936091795204504,0.039005328871569114,0.05125572320623307,0.0,0.0,0.5931842514707258,0.0,0.500849508099686,0.3383142960008949,0.7751253736962497,0.0,0.8270542992780004
17,0.053175521134627445,0.0,0.0,0.20014947958926577,0.0,0.0,0.17118242024046026,0.9999999999999996,0.0,0.0,0.0,0.0,0.0,0.0,0.0,0.0,0.0,0.0,0.036688542775984316,0.010906144404104687,0.02244498321343965,0.0008519868801976559,0.05359073715171439,0.0,0.0,0.0,0.0,0.0,0.0,0.0010609040778203362,0.0,0.0,0.0,0.0,0.0,0.0,0.0,0.0,0.0,0.0,0.0,0.0,0.0,0.0,0.014644712123882849,0.07969155558699903,0.0,0.0,0.0,0.0,0.0,0.0,0.0,0.0,0.0,0.0,0.0,0.0,0.0,0.0,0.0,0.014780506008727797,0.02118220719010588,0.0,0.016070362106785568,0.028332244325519968,0.04806934017124001,0.014896172656182184,0.0,0.0,0.0,0.031110689237170773,0.0,0.010398463976888608,0.0,0.0,0.07847488507728578,0.0,0.0,0.0,0.0,0.0,0.0,0.0,0.0,0.0,0.0,0.0,0.040603603365574795,0.0,0.002564384320156094,0.0,0.05914491166797428
18,0.7954982993402548,0.0,0.0,0.6736373405820444,0.0,0.0,0.508453380406811,0.0,0.9999999999999991,0.0,0.0,0.0,0.7969009202676077,0.0,0.0,0.6433897290442766,0.0,0.10112805973621578,0.3696821329959894,0.0602875202196944,0.07149540863091715,0.000242623133970798,0.06997248122556977,0.0008487802108822606,0.5882150989455235,0.0,0.28209989758546344,0.018854178777089056,0.03626333973565844,0.09877583654631143,0.0,0.039251524381168815,0.017066260615206462,0.0,0.003173277385502402,0.0,0.0,0.6462809774377867,0.0,0.012694453963883905,0.03047984153772947,0.0,0.0,0.0,0.0,0.003823214389282656,0.0017107421962992658,2.8889446565813832e-05,0.0,0.0,0.043959024867138555,0.0,0.01642216594864986,0.0,0.0,0.6640449597394791,0.0,0.08282163937757048,0.3367492731726889,0.5044826280404827,0.09722121842017241,0.5375940247473764,0.02296706666142626,0.4553786311890596,0.009941014799499461,0.2757786038729533,0.11948947088543144,0.06541534052882339,0.0,0.10353798181544288,0.0,0.007784578364975983,0.02479488630357368,0.00048714689898473213,0.0,0.0,0.5458690100964053,0.7160984360582526,0.13853916310991282,0.0,0.0,0.0,0.0,0.0,0.0,0.0,0.01578476826654532,0.0940198990287652,0.9564431149912409,0.0,0.6453403943366007,0.0,0.6947508776597343
19,0.12406253726809267,0.0,0.0,0.0721137825737538,0.0,0.0,0.06633052703356758,0.0,0.0,0.9999999999999996,0.0,0.0,0.0,0.0,0.0,0.0,0.0,0.0,0.13118987800425838,0.012170152147275333,0.0,0.0,0.0,0.0601279012443604,0.0,0.0,0.0,0.0,0.0,0.0,0.0,0.0,0.0,0.0,0.0,0.0,0.0,0.09535669121629023,0.0,0.0,0.0,0.0,0.0,0.0,0.0,0.09216893874453623,0.0027901567565076415,0.0,0.0,0.0,0.0,0.0,0.0,0.0,0.0,0.03781106598111904,0.0,0.0,0.0,0.0,0.10669035461463795,0.025099905687147657,0.0028648722142821177,0.025682218842792193,0.0,0.14449787753866794,0.04644113828363545,0.030335540048974204,0.0,0.008314588270834042,0.0,0.008277210769457276,0.018521111959818693,0.010872871012022,0.0,0.0,0.5814839586082373,0.0,0.03907814610649609,0.0,0.0,0.0,0.0,0.0,0.0,0.0,0.0,0.0,0.0,0.0,0.02071123505985869,0.0,0.04771292201604981
1,0.0,0.0,0.0,0.026314968110385972,0.0,0.0,0.0,0.0,0.0,0.0,0.9999999999999996,0.0,0.0,0.0,0.0,0.0,0.0,0.0,0.0,0.01926488188805409,0.05174569216014204,0.0,0.0,0.0,0.03751012273651892,0.0,0.04069686986845774,0.0,0.0,0.013535356322502218,0.0,0.0,0.0,0.0,0.0,0.0,0.0,0.2239569265068763,0.0,0.0,0.01079281070201523,0.0,0.0,0.0,0.0,0.0,0.01562037985039845,0.0,0.0,0.0,0.0,0.0,0.0,0.0,0.0,0.08299982621779764,0.0,0.0,0.020276058985691073,0.05858280890356585,0.0,0.0,0.0,0.0,0.0,0.0,0.0,0.0,0.0,0.0,0.0,0.0,0.02305396316738098,0.004734248191025721,0.0,0.0,0.0,0.0,0.0,0.0,0.0,0.0,0.0,0.0,0.0,0.0,0.0,0.0,0.0,0.0,0.04176982796687019,0.0,0.01954543598117391
20,0.004535282720069234,0.0,0.0,0.0,0.0,0.0,0.0,0.0,0.0,0.0,0.0,0.9999999999999996,0.0,0.0,0.0,0.0,0.0,0.0,0.0,0.006076551470230577,0.0,0.0,0.060338709886930825,0.012789228223876214,0.0,0.0,0.01663136157799374,0.0,0.0,0.0,0.0,0.0,0.0,0.0,0.0,0.0,0.0,0.0,0.0,0.0,0.0,0.0,0.0,0.0,0.0,0.0,0.0,0.0,0.0,0.0,0.0,0.0,0.0,0.0,0.0,0.0,0.0,0.0,0.01650562948788125,0.01116399957767918,0.021152752437822064,0.03606028719200979,0.02504400576851912,0.022890257969511007,0.02266258718156168,0.0,0.04686213747721618,0.0,0.0,0.0,0.0,0.0,0.019765037288594873,0.0,0.0,0.0,0.0,0.10044893136331497,0.0,0.0,0.0,0.0,0.0,0.0,0.0,0.0,0.0,0.0,0.04475565488191505,0.0,0.0,0.0,0.051817107582558364
21,0.6461350974681489,0.0,0.02259357161826669,0.5794913694882462,0.0,0.0,0.42460068501750814,0.0,0.7969009202676077,0.0,0.0,0.0,0.9999999999999996,0.0,0.0,0.5150122621667498,0.0,0.10692229174649254,0.2880726582094526,0.04595596942054019,0.07414513337137728,0.0027302266138543355,0.08788017989375466,0.0014501336012824413,0.46963028894722325,0.0,0.2418324899329575,0.0,0.00021280326454748235,0.0534629685923314,0.013680018645681025,0.021384760347427013,0.0,0.03800112227323814,0.006245922628546625,0.0,0.2132118259521319,0.6992902081834447,0.0,0.0,0.05751815966157664,0.0,0.0,0.16565619525303715,0.46709857826272777,0.11290181084613538,0.4472711423316549,0.45743021109126436,0.0,0.0,0.0,0.011879668337803346,0.0,0.046475466167252504,0.0,0.6050400448937555,0.09041288728211896,0.0,0.29021685049455,0.4149749002217202,0.08864464321668265,0.48889868131310243,0.05584483913867842,0.3954656815912567,0.03992575898780273,0.2500976348712614,0.09450177592524275,0.06423700374699377,0.0,0.0842300849825818,0.0,0.004318374691085858,0.025807525117452042,0.0482940377735523,0.0,0.0,0.4588509807879104,0.8426927115290255,0.2634739119170203,0.16236900623107736,0.0,0.0,0.020826054143521063,0.0,0.046126286685000746,0.1277231571466933,0.10652382551850512,0.20999088528113782,0.7705683750513297,0.0,0.5398120942357487,0.0,0.5854180961748399
22,0.0,0.0,0.0,0.02851552679304633,0.0,0.0,0.014666343046751818,0.0,0.0,0.0,0.0,0.0,0.0,0.9999999999999996,0.0,0.0,0.0,0.0,0.0,0.0,0.0,0.0,0.0,0.038033967193699246,0.0,0.0,0.06937882332741538,0.0,0.0,0.0,0.0,0.0,0.0,0.0,0.0,0.0,0.0,0.0,0.0,0.0,0.0,0.0,0.0,0.0,0.0,0.0,0.0,0.0,0.0,0.0,0.0,0.0,0.0,0.0,0.0,0.0,0.0,0.0,0.08776249654580785,0.0,0.0,0.0,0.0,0.032171024593004964,0.0,0.015028385471630074,0.030940986537350192,0.003374740452214029,0.0,0.034058190154440324,0.0,0.0154567586466606,0.0,0.0,0.0,0.0,0.12000367567261142,0.0,0.027023103194923046,0.0,0.0,0.0,0.0,0.0,0.0,0.0,0.0,0.0,0.04824579547163105,0.0,0.02732716498584244,0.0,0.0761455968267555
23,0.03348467616465474,0.0,0.0,0.0,0.0,0.0,0.00949966467684709,0.0,0.0,0.0,0.0,0.0,0.0,0.0,0.9999999999999996,0.0,0.0,0.004011497034634527,0.0,0.002308548431963747,0.0,0.0,0.09424685669473581,0.007933273298742789,0.0,0.0,0.0,0.0,0.0,0.00010401205571449256,0.0,0.0,0.0,0.0,0.0,0.0,0.0,0.0,0.0,0.0,0.0,0.0,0.0,0.0,0.0,0.06703067986461916,0.0,0.003027296112010722,0.0,0.0,0.0,0.0,0.0,0.0,0.0,0.0,0.0,0.0,0.02451681679991433,0.0,0.013736172330258634,0.04691448296962126,0.0,0.0,0.016177014112528424,0.0,0.0,0.0,0.0,0.0,0.0,0.002758775541887869,0.003865117429379949,0.0,0.0,0.0,0.0,0.0,0.029519334251232224,0.0,0.0,0.0,0.0,0.0,0.0,0.0,0.04588904422551417,0.0,0.04304092652985968,0.0,0.020794021691135506,0.0,0.003926783266856312
249,0.6837989169166178,0.1440144080487544,0.0,0.582994450185248,0.0005773766027799409,0.02341505484986176,0.5150746741053707,0.0,0.6433897290442766,0.0,0.0,0.0,0.5150122621667498,0.0,0.0,0.9999999999999998,0.0,0.6998300662583048,0.734471059900946,0.6308194753974663,0.6115812239289254,0.5707082749766699,0.436520186989469,0.5839692412471941,0.6266466243373411,0.0,0.8002946074801379,0.0,0.018283656200760088,0.1693152294032923,0.06813488823092591,0.001395800044173187,0.15331507419846754,0.10709557349701983,0.609282313673907,0.046078825843391354,0.0,0.6624194689915206,0.0,0.0,0.5890297494477303,0.22689883515759998,0.09832464009280738,0.0,0.050632706943202405,0.09605129532509431,0.016512242780509372,0.0001776698344788542,0.0,0.0,0.0,0.0,0.0,0.0,0.0,0.4372977946675594,0.0,0.05707157741947215,0.4873973854969735,0.6440225054610264,0.494224848577383,0.6585863352111978,0.46980418696024445,0.5959775654799618,0.34001458316700434,0.5233537725478797,0.4377520949541725,0.41246828317949763,0.05524077474412308,0.46032181037409703,0.3498779167460703,0.3555056824738409,0.3860027418619529,0.34655205098337144,0.0,0.03274147453294275,0.3508785615247585,0.4519477263101972,0.1273414275120775,0.0,0.0,0.0,0.0,0.0,0.0660230852315884,0.0,0.3261986609422004,0.01889443448941721,0.6255257290110551,0.0,0.5604900941256343,0.06673449048284599,0.660033700816355
24,0.029356537430327238,0.0,0.0,0.0,0.0,0.0,0.0,0.0,0.0,0.0,0.0,0.0,0.0,0.0,0.0,0.0,0.9999999999999996,0.0,0.03752830665967427,0.0,0.000614967621827397,0.0,0.03578949230731068,0.0,0.095609221591553,0.0,0.0,0.0,0.0,0.00886284465649196,0.0,0.0,0.0,0.0,0.0,0.0,0.0,0.0,0.0,0.0,0.0,0.0,0.0,0.0,0.0,0.14123522369750716,0.0,0.0,0.0,0.0,0.0,0.0,0.0,0.0,0.0,0.027899997068409954,0.0,0.0,0.0,0.051954720781588075,0.0,0.0,0.0,0.0012039119501753932,0.005416471509539022,0.0,0.005712382622034144,0.004213092295825298,0.0,0.010365839656030638,0.0,0.0,0.0,0.0,0.0,0.0,0.0,0.0,0.022456786894785048,0.0,0.0,0.0,0.0,0.0,0.0,0.0,0.0,0.0,0.016535602290451583,0.0,0.02625648120813832,0.0,0.0
250,0.17373911322471622,0.03895869727475626,0.028034712195569515,0.14305425161462523,0.0,0.006224821699816323,0.1785179488224304,0.0,0.10112805973621578,0.0,0.0,0.0,0.10692229174649254,0.0,0.004011497034634527,0.6998300662583048,0.0,0.9999999999999989,0.5039749696493416,0.9465971955177871,0.9445780885532125,0.9515694396138069,0.630678887160247,0.9499260431255362,0.34641667779478214,0.01315186021241113,0.7158178612009394,0.040099002093745235,0.030752450682910253,0.06056659381536449,0.005167313635328907,0.001365668150499315,0.1276640150512044,0.0,0.9571756644842849,0.04548740293522046,0.0473213256887587,0.30991883946929394,0.0,0.0,0.9492164373535642,0.0,0.07282787320936672,0.0,0.13004644255071673,0.129774898510493,0.06601583425487298,0.056401895767422015,0.011916936268054254,0.0,0.0,0.02334026830910168,0.0,0.0,0.059270415768351445,0.10765281950089506,0.0,0.11750333256085009,0.15485592879792165,0.19325221101103646,0.29963882061077335,0.2093630307097076,0.34488993844661103,0.2064667116600152,0.15293019672316557,0.18260542174208053,0.18411950705510785,0.18999305672457964,0.006830901636140745,0.23058835193954308,0.16047635547150846,0.17059347667481997,0.18994753516027757,0.16675949859675515,0.0,0.0,0.060791640334874504,0.09772807784661378,0.054629311115990266,0.0,0.0,0.004593266407120363,0.00021033449119062212,0.0,0.0,0.0,0.16778960471874083,0.0,0.10267337024085005,0.08219138169880855,0.13401983911617085,0.0,0.16223503702842937
251,0.638954808120686,0.05058877519138989,0.0,0.5898295638091676,0.026901130336441446,0.0,0.7083963853501021,0.036688542775984316,0.3696821329959894,0.13118987800425838,0.0,0.0,0.2880726582094526,0.0,0.0,0.734471059900946,0.03752830665967427,0.5039749696493416,0.9999999999999994,0.429539575237442,0.37642049959754514,0.3303842394321563,0.43677319853949553,0.3402087298120619,0.5549904644712373,0.02073548785790351,0.8523997285961853,0.026010543637202677,0.20389632966591523,0.44503976409739854,0.08561552328603923,0.19662354058214263,0.00977360352301173,0.08107963062307494,0.40816292168139007,0.0,0.0,0.6523158132381778,0.04812015564718242,0.0,0.3655753465268519,0.0,0.17775272514678833,0.025387766078584652,0.0422447948931841,0.0883808217737551,0.012298624794047251,0.0009274256279697935,0.02696184471503709,0.0,0.0,0.0,0.041794884096590226,0.0,0.12025445177757245,0.3240718413940737,0.0,0.11492545659969731,0.8272475132444543,0.8216190767241962,0.8443130707155684,0.8025827643573377,0.8086004441486014,0.7651102905582475,0.7669181542552793,0.8454008561921962,0.801771735985517,0.8127165231310021,0.03792714259712137,0.8232114605153215,0.7511714429904482,0.7614128262866179,0.7744435173623407,0.747759071126491,0.2051535167088438,0.09323747537742023,0.3036739208911215,0.2825816227831795,0.07507172536905032,0.0,0.0,0.07733522733557684,0.0007262784344028558,0.026133419171263206,0.013025647205647535,0.0,0.7520089241144785,0.0,0.364494378242127,0.0,0.6762919430883062,0.051664094500396905,0.6851931707528989
252,0.088472199344313,0.0,0.0,0.11792969394027662,0.0,0.0,0.1184617923072865,0.010906144404104687,0.0602875202196944,0.012170152147275333,0.01926488188805409,0.006076551470230577,0.04595596942054019,0.0,0.002308548431963747,0.6308194753974663,0.0,0.9465971955177871,0.429539575237442,0.9999999999999994,0.9493829214870352,0.9643660913752065,0.7349055634253013,0.9599200974560302,0.3424058941036482,0.0180355595257707,0.6332108716944376,0.03197209439203167,0.16177948879884596,0.14977538426429585,0.04767076298855903,0.131249156758757,0.002415993482650672,0.022922620440316628,0.9547080093706438,0.15593680784439443,0.0,0.22732730443504576,0.0,0.0034817361840511554,0.9443727858741917,0.0,0.0,0.0,0.07086471124442144,0.17706315870106717,0.020340966966154787,0.00010169683246741995,0.05656496742555033,0.0,0.023130727370978692,0.0,0.004567630878796806,0.01121360491524048,0.0,0.08273927014801177,0.013982928935996083,0.0,0.10885945039797158,0.08732182258072435,0.2329553279866533,0.1411034870337125,0.25654531948379233,0.23319167895718404,0.07039764494727471,0.10420834455043579,0.08274570503188541,0.11668439982494973,0.002593138271123122,0.15216697030069984,0.07023180703103868,0.07088055125127106,0.07145645426143366,0.10256545537186385,0.0,0.0,0.050040500342839585,0.03848917247308841,0.05170935269531613,0.0,0.0,0.0,0.0009983743619206102,0.0,0.0,0.0,0.08728168314810399,0.0,0.07572330092990524,0.0,0.1698109884198364,0.09280409792635395,0.13445138762512093
253,0.0858973785171832,0.004081309486152802,0.0,0.07102272520048433,0.009217273009556557,0.00787160718917932,0.05773982627555739,0.02244498321343965,0.07149540863091715,0.0,0.05174569216014204,0.0,0.07414513337137728,0.0,0.0,0.6115812239289254,0.000614967621827397,0.9445780885532125,0.37642049959754514,0.9493829214870352,0.9999999999999992,0.9707633892877122,0.6455004597496024,0.9609316654495018,0.3267703747653211,0.04654703413550103,0.6026729535023042,0.0,0.031183080382203316,0.006107533412327525,0.13331214286565776,0.003925436724826704,0.0,0.0,0.9531575904504597,0.0,0.0,0.2226359221372237,0.06615774811105532,0.0,0.9547436253047195,0.0,0.0,0.11070830813796129,0.08296064975358153,0.11069262776787128,0.00901698683518114,0.0004314618656100847,0.0,0.05494698401007246,0.0,0.0,0.023524026305012276,0.048875759734347685,0.00425279500559829,0.06918884787407843,0.0,0.08642022063354585,0.03855516210883817,0.04197733333039069,0.14078332705249247,0.06801541088124546,0.19555642496016357,0.11104177680856833,0.008584108729636964,0.036664379155379415,0.016289365802606336,0.03073072079824321,0.0,0.0764588141104126,0.0,0.008158038359098055,0.02599908052679348,0.010214896909850509,0.021507069330837788,0.0,0.03786991383725247,0.04635042209915174,0.056597534184621115,0.0,0.005663403097380562,0.0,0.0,0.0,0.0215624379106806,0.0,0.01883744006736045,0.0,0.07650623084516563,0.03327820221538514,0.07276514052398265,0.0,0.06735242058691807
254,0.008012940053966898,0.0,0.0,0.013222456724442678,0.05683709974852381,0.0,0.010955743350562664,0.0008519868801976559,0.000242623133970798,0.0,0.0,0.0,0.0027302266138543355,0.0,0.0,0.5707082749766699,0.0,0.9515694396138069,0.3303842394321563,0.9643660913752065,0.9707633892877122,0.9999999999999998,0.6441567830083874,0.9888818789022542,0.272508597115204,0.0,0.5800073332304083,0.0,0.031892137121680354,0.00016059758538907178,0.0,0.00026662941992370475,0.0,0.0,0.977551770885245,0.0,0.0,0.159262958353349,0.0,0.0,0.9737845680038988,0.0,0.004904782933267504,0.01442106524432458,0.07337627212027216,0.08729128796550324,0.004841021811562598,8.109723304070465e-05,0.0,0.0,0.0,0.0,0.01477412508979944,0.007129653649906723,0.0,0.0023179352046617386,0.0,0.0,0.006648364346047566,0.0018087326284701491,0.13896697838625935,0.01957422749263125,0.19105911792717578,0.061154560732666154,0.0002847723296535901,0.004901276368752483,0.0015380816910298425,0.02064555559089042,0.0,0.07331379540402047,0.0,0.00012369999523257892,0.0013522794490490723,0.008422826782756717,0.0,0.0,6.685957251086633e-05,0.00012822289274990449,0.043677162962481336,0.0,0.0,0.0,0.0005450735096216046,0.0,0.0,0.0,0.0018479931914028617,0.0,4.050532740405565e-05,0.0,0.010081714930028724,0.0,0.003108189214900544
255,0.11147761743570549,0.0,0.0,0.3962322436280437,0.03229542788746805,0.020034376730509073,0.2989082686881277,0.05359073715171439,0.06997248122556977,0.0,0.0,0.060338709886930825,0.08788017989375466,0.0,0.09424685669473581,0.436520186989469,0.03578949230731068,0.630678887160247,0.43677319853949553,0.7349055634253013,0.6455004597496024,0.6441567830083874,0.9999999999999989,0.6419261935365005,0.4638641322624894,0.0,0.4740909713784113,0.0,0.7029882776340964,0.6662102474163987,0.008965659816380409,0.6860848912100083,0.0,0.05714662267649834,0.6357324211477398,0.07451114815867523,0.05193156481167494,0.22677592268721353,0.11392268367494512,0.0,0.6465869111974691,0.03192713023109801,0.0,0.0,0.07769913540557095,0.12767661383356443,0.03815227694363293,0.03268257330048654,0.0,0.0174259742351879,0.029358008098345392,0.0,0.0,0.09123907008066656,0.006159186597795576,0.18852295010857756,0.0,0.006370944263535969,0.24654705876070782,0.056479056443967536,0.17327170855030566,0.13832795324607064,0.17514454154269757,0.29415293675341037,0.06662266010462978,0.0745967750079806,0.07024115253092936,0.08771902403476735,0.0,0.12036228114704715,0.032752910507625875,0.037987114523265336,0.04768205175316767,0.07419195318344415,0.08646260185746961,0.19445219773945388,0.038332583644052017,0.0653303762157074,0.15683108075168198,0.0,0.0,0.0,0.00219800664821182,0.0,0.0589329946364678,0.10737245237863131,0.2220607503800742,0.03982158724925153,0.07427713125058717,0.0,0.4870611139551029,0.043096286709185444,0.23009792915729274
256,0.010558084192249746,0.0,0.0,0.01106490332507888,0.0,0.0,0.01849378063434935,0.0,0.0008487802108822606,0.0601279012443604,0.0,0.012789228223876214,0.0014501336012824413,0.038033967193699246,0.007933273298742789,0.5839692412471941,0.0,0.9499260431255362,0.3402087298120619,0.9599200974560302,0.9609316654495018,0.9888818789022542,0.6419261935365005,0.9999999999999998,0.2800913722394354,0.0,0.585616165476662,0.041089266062197954,0.03154974427210674,0.003251487852941097,0.0,5.8577945201588587e-05,0.0,0.01771603566929478,0.971045479658096,0.0,0.0,0.17308587607605977,0.0,0.005835291768905529,0.9667819052453019,0.07098176812239583,0.0,0.0,0.07132823686447332,0.0903174908759374,0.008901983144973355,0.0001459746447175169,0.0051386907011142366,0.0,0.0,0.06539781595958073,0.0,0.0,0.0421494379288714,0.006584809994218173,0.0,0.0,0.010104169713290447,0.0006529256262149069,0.13954191308411268,0.024453580238175354,0.18954565729522796,0.06656342916350289,0.0009173326645968567,0.013886413106363987,0.006720414289281444,0.023190892511327776,0.0,0.06900237467422313,0.0,0.0019231474852393672,0.0017181541258300171,0.000653762914453528,0.0,0.0,0.05251186309872143,0.00393826160517151,0.0504682481925086,0.0,0.0,0.0,9.069813496462708e-05,0.0024352636826753243,0.0,0.0,0.0007648969999035629,0.0,0.007856761387786354,0.0,0.007800006119492018,0.0,0.013291545993353897
257,0.46012490284746466,0.007461897554053336,0.0,0.5756108851853261,0.0,0.013218430322000171,0.4858081185237371,0.0,0.5882150989455235,0.0,0.03751012273651892,0.0,0.46963028894722325,0.0,0.0,0.6266466243373411,0.095609221591553,0.34641667779478214,0.5549904644712373,0.3424058941036482,0.3267703747653211,0.272508597115204,0.4638641322624894,0.2800913722394354,0.9999999999999996,0.0,0.38137470146892966,0.0,0.2946286606620882,0.3462588257639928,0.08441404323252319,0.292528814241694,0.10400682860915483,0.2521053541088928,0.2899484612217341,0.0,0.0,0.6322832260846153,0.0,0.0,0.36822450227039,0.09146442468371538,0.2809075907606884,0.0,0.04375162651317446,0.1253642165766015,0.0056814250675134865,0.0,0.0,0.0,0.0,0.0,0.0,0.0,0.0,0.47348758460732115,0.0,0.0,0.5202223848332638,0.32110836413921345,0.12720976024866867,0.32827473537804136,0.07673189730683083,0.5698866988591708,0.15392598675613642,0.2565199387683287,0.09426041048182356,0.1328976360422019,0.0,0.11288806641981912,0.0,0.0031367984374448153,0.05422329113392529,0.05648549558814964,0.5630570338334832,0.0,0.3383064864200153,0.4355015472388814,0.11375364209404007,0.005300672375888122,0.0,0.06651298287979657,0.06482241071428334,0.019295851568400333,0.0,0.0,0.18330897407129057,0.0,0.5655752920096033,0.008863718883546269,0.662468916177345,0.002697850246109352,0.48860315945628957
258,0.008568577859998901,0.0,0.0,0.0,0.0,0.0,0.0,0.0,0.0,0.0,0.0,0.0,0.0,0.0,0.0,0.0,0.0,0.01315186021241113,0.02073548785790351,0.0180355595257707,0.04654703413550103,0.0,0.0,0.0,0.0,0.9999999999999996,0.009135438980107005,0.0,0.0036676668438006695,0.0,0.0,0.0,0.0,0.0,0.007570439809758148,0.0,0.0,0.0,0.0,0.0,0.0,0.0,0.0,0.0,0.0,0.0,0.01456027261628968,0.0,0.0,0.0,0.0,0.0,0.0,0.0,0.0,0.0,0.0,0.0,0.0007732984986311144,0.0,0.0,0.00954263202390612,0.005051337946384897,0.0,0.0,0.0038778022982036008,0.01706794918209307,0.0,0.0,0.0,0.0,0.0,0.0,0.0,0.0,0.0,0.0,0.0,0.0,0.0,0.0,0.0,0.0,0.0,0.0,0.0,0.0021709084948529113,0.0,0.0,0.0,0.0024660572464090236,0.0,0.007487042034176709
259,0.5375417173217771,0.034153491388006024,0.010643058722521102,0.4328277013110262,0.0,0.027967722357185025,0.5154422643259409,0.0,0.28209989758546344,0.0,0.04069686986845774,0.01663136157799374,0.2418324899329575,0.06937882332741538,0.0,0.8002946074801379,0.0,0.7158178612009394,0.8523997285961853,0.6332108716944376,0.6026729535023042,0.5800073332304083,0.4740909713784113,0.585616165476662,0.38137470146892966,0.009135438980107005,0.9999999999999996,0.033078383582852484,0.01862770258333131,0.2359863855436145,0.0,0.003950180208973248,0.12863808611278385,0.05560733205670876,0.6470914076414626,0.0,0.046456932214705295,0.5896724351084912,0.1875319347670139,0.0,0.5902266568414052,0.07071013040309145,0.005013571602282525,0.0,0.042335421614790404,0.08589599843933074,0.011054125649615856,0.0008717655572921451,0.0,0.0,0.1201764535135344,0.0,0.0,0.0419874231810315,0.0,0.20884258179972315,0.0,0.04611322872348366,0.6489942417204865,0.7111373935440191,0.7806681479679807,0.7027005548413285,0.7856877840212473,0.5851930538954517,0.6792844790445111,0.7219411563193998,0.745773922265508,0.7211613111321638,0.013511842973659736,0.7578394678029331,0.6905674048784018,0.699730642624128,0.7029411930260389,0.6677042963763008,0.05200339594904159,0.1008456909822795,0.17736598343553758,0.24129402458662608,0.08194913720372814,0.0,0.0,0.050647307911513194,0.0,0.006235293897725919,0.0,0.0,0.6247814128069902,0.09865949876474336,0.27907672925322224,0.0,0.43941110486618845,0.02569897109502713,0.5465472877008603
25,0.0,0.0,0.0,0.028021250715820224,0.0,0.0,0.24084401593510085,0.0,0.018854178777089056,0.0,0.0,0.0,0.0,0.0,0.0,0.0,0.0,0.040099002093745235,0.026010543637202677,0.03197209439203167,0.0,0.0,0.0,0.041089266062197954,0.0,0.0,0.033078383582852484,0.9999999999999996,0.0,0.0,0.0,0.0,0.0,0.0,0.0,0.0,0.0,0.0825849543784622,0.0,0.0,0.0,0.0,0.0,0.0,0.0,0.0,0.0,0.0,0.0,0.0,0.0,0.0,0.0,0.0,0.0,0.09561004745246848,0.0,0.0,0.09591482601065514,0.0,0.0,0.007741240637091354,0.0,0.020165709189627793,0.007868882974843668,0.0,0.01803602767666355,0.0004562878800181235,0.0,0.014407898250197702,0.0,0.0,0.0,0.0,0.0,0.0,0.020793471186177935,0.0,0.0,0.0,0.0,0.0,0.0,0.0,0.0,0.0,0.0,0.0,0.01701638269615875,0.0,0.08827898056230954,0.0,0.0
260,0.0006802015577074677,0.0,0.00941875273829804,0.37575874080868554,0.00048494036872548006,0.0,0.34698187068612,0.0,0.03626333973565844,0.0,0.0,0.0,0.00021280326454748235,0.0,0.0,0.018283656200760088,0.0,0.030752450682910253,0.20389632966591523,0.16177948879884596,0.031183080382203316,0.031892137121680354,0.7029882776340964,0.03154974427210674,0.2946286606620882,0.0036676668438006695,0.01862770258333131,0.0,0.9999999999999994,0.9481636014873829,0.0,0.9982967425473759,0.0,0.0,0.03130754698857309,0.0020007964927961095,0.0,0.005125864466640321,0.0,0.0,0.03106324109660593,0.0,0.0,0.0,0.0022895118668001817,0.003876381529606184,0.0002923801367773919,9.53967421718084e-06,0.00017729299598624138,0.0,0.0,0.0,0.005422814616185325,0.0,0.0,0.2129697332177575,0.0,0.0,0.202752114907806,0.0002427145839510016,0.004533201931006033,0.0009148236933792935,0.006020665993054438,0.16995965606096852,3.9312052060984056e-05,0.00046088002292532726,0.00030672191205872903,0.0008776814060294514,0.0,0.00254365871610257,0.0,0.0,0.0001613968154426641,0.0006361645094579465,0.0,0.0,0.0015018594653759061,0.0003270469346246875,0.001371937293852106,0.0,0.0,0.0,3.1292298006487346e-06,0.0,0.0,0.0,0.20667260289823566,0.0,0.00028310572197505973,0.0,0.5868416927668638,0.0,0.2032654419886135
261,0.16844038701685451,0.025865786671384745,0.0,0.4936319350581963,0.0,0.005882764316523783,0.5184372800606477,0.0010609040778203362,0.09877583654631143,0.0,0.013535356322502218,0.0,0.0534629685923314,0.0,0.00010401205571449256,0.1693152294032923,0.00886284465649196,0.06056659381536449,0.44503976409739854,0.14977538426429585,0.006107533412327525,0.00016059758538907178,0.6662102474163987,0.003251487852941097,0.3462588257639928,0.0,0.2359863855436145,0.0,0.9481636014873829,0.9999999999999998,0.0,0.9479646394831082,0.0320749391691759,0.03817596430139125,0.031170410205897815,0.0,0.0018453660404329753,0.1591197858253565,0.0,0.0,0.007963627378855887,0.03626756587923505,0.018695337556710354,0.004346324911014427,0.0018962099698633464,0.011704167213096646,0.0017135959975939526,3.1487529186672603e-07,0.0,0.0,0.0,0.0,0.0,0.0,0.0,0.24667092502206808,0.0,0.0,0.45169861185889193,0.28530701273179315,0.2927711208259785,0.2623426606223708,0.29052383512078017,0.3659219724444661,0.28785390982271725,0.2960527380044636,0.3048297874579625,0.30158562926964144,0.0,0.2971279110373573,0.2999621477517156,0.29925242537119295,0.2984387310370287,0.28888061581249924,0.02386576635257134,0.0,0.035396074869256576,0.04533807514429491,0.013019478934443043,0.0,0.0012039898945139346,0.0,0.009750273408186289,0.0,0.001177890760430217,0.0,0.4531840205764478,0.0,0.06269305183290076,0.0009016003488285202,0.7072844515219678,0.0,0.3796446929305201
262,0.0,0.0,0.0,0.0,0.0,0.0,0.0,0.0,0.0,0.0,0.0,0.0,0.013680018645681025,0.0,0.0,0.06813488823092591,0.0,0.005167313635328907,0.08561552328603923,0.04767076298855903,0.13331214286565776,0.0,0.008965659816380409,0.0,0.08441404323252319,0.0,0.0,0.0,0.0,0.0,0.9999999999999996,0.012269127932093771,0.0,0.0,0.0,0.0,0.0,0.0,0.0,0.0,0.0,0.0,0.0,0.0,0.02623504590772378,0.0,0.0,0.0,0.0,0.0,0.0,0.0,0.0,0.0,0.0,0.0,0.0,0.0,0.0,0.0,0.0018347117342313827,0.004842836915277174,0.0,0.0682932591038453,0.0,0.03472173272000931,0.0,0.0,0.0,0.0,0.0,0.0,0.0,0.029738687925059785,0.0,0.0,0.0,0.0,0.008131767603295703,0.0,0.0,0.0,0.0,0.0,0.0,0.0,0.03144419807121015,0.0,0.0,0.0,0.0,0.0,0.0
263,0.005856263315410241,0.0,0.0,0.3821163107925774,0.0,0.0,0.34643850698927814,0.0,0.039251524381168815,0.0,0.0,0.0,0.021384760347427013,0.0,0.0,0.001395800044173187,0.0,0.001365668150499315,0.19662354058214263,0.131249156758757,0.003925436724826704,0.00026662941992370475,0.6860848912100083,5.8577945201588587e-05,0.292528814241694,0.0,0.003950180208973248,0.0,0.9982967425473759,0.9479646394831082,0.012269127932093771,0.9999999999999992,0.0,0.0,0.0005226545164284782,0.0,0.0,0.008156464060417725,0.0,0.010038563198113309,0.0022312548613673245,0.0,0.0,0.01848888521107252,0.024823818220130574,0.0025773531680372383,0.02263571410031228,0.023161991027780066,0.0,0.0,0.0041862865116792875,0.0,0.0,0.0,0.0,0.21237853115288746,0.0,0.0,0.20824281687924953,0.0013815360869778653,0.001728777868848405,0.003780123759409948,0.003991084857031005,0.17315340073514018,0.005581485951180632,0.00238786810411082,0.0004314490699502308,0.0025587796648576743,0.0,0.0005926752911753551,0.0,0.0004512150511592739,0.003346905856604766,0.003850194452847564,0.01007230831043553,0.0,0.0034049618005902536,0.019114947294496528,0.014250878477324216,9.903385129865776e-05,0.004646315020315845,0.0,0.00021286922221607526,0.0,0.0,0.01039864481022679,0.21465521777021598,0.02963012119482145,0.0,0.0,0.5898877346395004,0.0,0.20250668948070374
264,0.08172162878068198,0.0,0.0,0.14971813231502643,0.0,0.0,0.04018805855843261,0.0,0.017066260615206462,0.0,0.0,0.0,0.0,0.0,0.0,0.15331507419846754,0.0,0.1276640150512044,0.00977360352301173,0.002415993482650672,0.0,0.0,0.0,0.0,0.10400682860915483,0.0,0.12863808611278385,0.0,0.0,0.0320749391691759,0.0,0.0,0.9999999999999996,0.0,0.04149495215201711,0.0,0.0,0.0,0.0,0.0,0.0,0.0,0.0,0.0,0.0,0.06078681363298015,0.0,0.0,0.0,0.0,0.0,0.0,0.0,0.0,0.0,0.03109990227708461,0.0,0.0,0.0,0.0,0.0028062122896368243,0.018073522251289394,0.0,0.0,0.0,0.010893126972063277,0.07161382087105292,0.0,0.0,0.0,0.0,0.0144947703197132,0.06995333490158306,0.0,0.0,0.0,0.0,0.0,0.0,0.0,0.0,0.0,0.0,0.0,0.0,0.0,0.0,0.0,0.0,0.0,0.0,0.0,0.02311804118677048
265,0.0,0.0,0.0,0.005554013864603416,0.0,0.0,0.0,0.0,0.0,0.0,0.0,0.0,0.03800112227323814,0.0,0.0,0.10709557349701983,0.0,0.0,0.08107963062307494,0.022922620440316628,0.0,0.0,0.05714662267649834,0.01771603566929478,0.2521053541088928,0.0,0.05560733205670876,0.0,0.0,0.03817596430139125,0.0,0.0,0.0,0.9999999999999996,0.05528577816956924,0.0,0.0,0.0,0.0,0.0,0.0,0.0,0.0,0.0,0.0,0.0,0.0,0.0,0.0,0.0,0.0,0.0,0.0,0.0,0.0,0.012050562591793452,0.0,0.0,0.06757173923805905,0.0,0.0,0.006755311665649734,0.006152552219551215,0.1305259209882218,0.003978916197411183,0.04772332045209574,0.05866492043303627,0.03577732582794375,0.0,0.0,0.0,0.0,0.0,0.0,0.0,0.0,0.0,0.0,0.07151099749422302,0.0,0.0,0.0,0.0,0.0,0.0,0.0,0.0,0.0,0.0,0.0,0.0,0.0,0.0
266,0.0752634109773768,0.0,0.0,0.057445273775372716,0.0,0.0,0.06985526727623462,0.0,0.003173277385502402,0.0,0.0,0.0,0.006245922628546625,0.0,0.0,0.609282313673907,0.0,0.9571756644842849,0.40816292168139007,0.9547080093706438,0.9531575904504597,0.977551770885245,0.6357324211477398,0.971045479658096,0.2899484612217341,0.007570439809758148,0.6470914076414626,0.0,0.03130754698857309,0.031170410205897815,0.0,0.0005226545164284782,0.04149495215201711,0.05528577816956924,0.9999999999999996,0.0,0.0,0.20483237154030132,0.0,0.0,0.9551007987044637,0.0,0.0,0.0,0.07039557159613744,0.10708306079505939,0.008239037772133877,3.283474589406911e-05,0.0,0.0,0.0,0.0,0.01866486589577776,0.0,0.0,0.025234768283164018,0.04584524548386435,0.026063190839173148,0.09502700596991673,0.09329216304173164,0.22170882141354495,0.09638194783442595,0.28101681105344056,0.12711879948486068,0.1019252087523778,0.1094509748955904,0.09602560860435269,0.11710653287255436,0.0724669595884317,0.15960745072649463,0.09198973964217393,0.09708747335319022,0.10233058571455252,0.09053662715201616,0.0,0.0,0.04523076929388907,0.04326802624392594,0.04860047042481845,0.0,0.11248796393339451,0.08256840912299793,0.0,0.014267747868245433,0.0,0.0,0.13148322664562936,0.0,0.0022537711895757933,0.0,0.036464424043972855,0.0,0.0746398915413985
267,0.0,0.0,0.0,0.0,0.0,0.0,0.0,0.0,0.0,0.0,0.0,0.0,0.0,0.0,0.0,0.046078825843391354,0.0,0.04548740293522046,0.0,0.15593680784439443,0.0,0.0,0.07451114815867523,0.0,0.0,0.0,0.0,0.0,0.0020007964927961095,0.0,0.0,0.0,0.0,0.0,0.0,0.9999999999999996,0.0,0.0,0.0,0.0,0.0,0.0,0.0,0.0,0.0,0.5854376392163215,0.0233023897555349,0.0,0.0,0.0,0.0,0.0,0.0,0.0,0.0,0.0,0.0,0.0,0.0,0.0,0.1190704702675281,0.12430714775787202,0.003985627416624008,0.23432222072171255,0.0,0.08704232854874545,0.0,0.1219291112747631,0.0,0.0,0.0,0.0,0.0,0.20354523778556577,0.0,0.0,0.019554980090967244,0.0,0.0,0.0,0.0,0.0,0.0,0.0,0.0,0.0,0.0,0.0,0.14041202344286424,0.0,0.10553423323750785,0.0,0.1217093337255004
268,0.024371981061281817,0.0,0.0,0.0,0.0,0.0,0.0,0.0,0.0,0.0,0.0,0.0,0.2132118259521319,0.0,0.0,0.0,0.0,0.0473213256887587,0.0,0.0,0.0,0.0,0.05193156481167494,0.0,0.0,0.0,0.046456932214705295,0.0,0.0,0.0018453660404329753,0.0,0.0,0.0,0.0,0.0,0.0,0.9999999999999996,0.39923709887765574,0.0,0.0,0.10296933776225499,0.0,0.0,0.0,0.0,0.11934956733138549,0.0027042046198637957,0.0,0.0,0.0,0.0,0.0,0.0,0.0,0.0,0.03596110681894683,0.0,0.0,0.0,0.0,0.0,0.010168362535593304,0.0,0.0,0.0,0.0,0.0,0.0,0.0,0.0005680849932578345,0.0,0.0,0.004231712907696623,0.0036591185078089475,0.0,0.0,0.0,0.1237315586693996,0.015358733273715097,0.0,0.0,0.0,0.0,0.0,0.0,0.0,0.13348852989727136,0.0,0.05786064228056332,0.0,0.0,0.0,0.0
269,0.6794378284923628,0.06336458412317521,0.005459050949166538,0.6058351765496253,0.0,0.012495770919533886,0.6484620387366085,0.0,0.6462809774377867,0.09535669121629023,0.2239569265068763,0.0,0.6992902081834447,0.0,0.0,0.6624194689915206,0.0,0.30991883946929394,0.6523158132381778,0.22732730443504576,0.2226359221372237,0.159262958353349,0.22677592268721353,0.17308587607605977,0.6322832260846153,0.0,0.5896724351084912,0.0825849543784622,0.005125864466640321,0.1591197858253565,0.0,0.008156464060417725,0.0,0.0,0.20483237154030132,0.0,0.39923709887765574,0.9999999999999994,0.07386076022040672,0.07195519828829873,0.2822490901272255,0.07960157875456711,0.04221147891306474,0.0,0.19520566658088642,0.15946865897289667,0.18806994960646367,0.18272112163099927,0.0,0.0,0.039477016695611426,0.0,0.0,0.0,0.0,0.6010384246127564,0.06527771880966012,0.0,0.6295248908778623,0.65204835623047,0.45668388035067436,0.6554666002029716,0.39243353750396437,0.6278503058470515,0.41845563956832915,0.5612543505602324,0.43393996998122814,0.42635569060097345,0.0,0.4451465323908305,0.33611600703575034,0.3415883963665137,0.37180899076799717,0.3706055063497566,0.3018099756144707,0.10555807596472404,0.4541498952505067,0.6652004952659273,0.10443515447661372,0.09664358147064436,0.0,0.17956522072801556,0.0,0.00491653193660869,0.0,0.0,0.4421733281968825,0.0,0.6620698690507633,0.08656147267507507,0.61801721589583,0.04694897596440082,0.7240069700670327
26,0.06738112870247724,0.0,0.0,0.06777620761417126,0.0,0.0,0.0,0.0,0.0,0.0,0.0,0.0,0.0,0.0,0.0,0.0,0.0,0.0,0.04812015564718242,0.0,0.06615774811105532,0.0,0.11392268367494512,0.0,0.0,0.0,0.1875319347670139,0.0,0.0,0.0,0.0,0.0,0.0,0.0,0.0,0.0,0.0,0.07386076022040672,0.9999999999999996,0.0,0.0,0.0,0.0,0.0,0.0,0.0,0.015805114642160695,0.0,0.0,0.0,0.0,0.0,0.0,0.0,0.0,0.0,0.0,0.0,0.0,0.0,0.0,0.015750776498201995,0.015023226449173503,0.0,0.0,0.030554310604880893,0.06112950147005645,0.0,0.0,0.014332544844257302,0.0,0.008777929928550298,0.0,0.012911491961205408,0.0,0.0,0.0,0.0,0.0,0.0,0.0,0.0,0.0,0.0,0.0,0.0,0.0658174470898839,0.0,0.08281382445998271,0.0,0.08394489434971691,0.0,0.04043794451312709
270,0.0,0.0,0.0,0.008188982300947813,0.0,0.0,0.0,0.0,0.012694453963883905,0.0,0.0,0.0,0.0,0.0,0.0,0.0,0.0,0.0,0.0,0.0034817361840511554,0.0,0.0,0.0,0.005835291768905529,0.0,0.0,0.0,0.0,0.0,0.0,0.0,0.010038563198113309,0.0,0.0,0.0,0.0,0.0,0.07195519828829873,0.0,0.9999999999999996,0.058024228873997635,0.0,0.0,0.0,0.0,0.014440211242514664,0.0,0.0,0.0,0.0,0.0,0.0,0.0,0.0,0.0,0.018838403296551117,0.0,0.0,0.011575442543444846,0.08742436675456819,0.0,0.0,0.12061942363855754,0.0,0.0,0.0,0.018461898505064755,0.0,0.0,0.0,0.0,0.0027092476761999525,0.018760280312324934,0.0,0.0,0.0,0.0,0.0,0.0,0.0,0.0,0.0,0.0,0.0,0.0,0.0,0.0,0.0,0.0,0.0,0.0029500491637935956,0.0,0.1145478943190163
271,0.031195873294251053,0.0628074401253825,0.0,0.05053128663588744,0.0,0.04459458573312543,0.07397525359979906,0.0,0.03047984153772947,0.0,0.01079281070201523,0.0,0.05751815966157664,0.0,0.0,0.5890297494477303,0.0,0.9492164373535642,0.3655753465268519,0.9443727858741917,0.9547436253047195,0.9737845680038988,0.6465869111974691,0.9667819052453019,0.36822450227039,0.0,0.5902266568414052,0.0,0.03106324109660593,0.007963627378855887,0.0,0.0022312548613673245,0.0,0.0,0.9551007987044637,0.0,0.10296933776225499,0.2822490901272255,0.0,0.058024228873997635,0.9999999999999994,0.0,0.02476202178972092,0.0,0.08440485931738764,0.11818490278145202,0.017068658027278878,0.012155576046295847,0.0,0.0,0.0,0.0,0.0,0.0,0.0,0.07663246781768215,0.0,0.0,0.07264979926946798,0.03800044905681574,0.14308295030742474,0.04283158810349015,0.19579543772323352,0.11997796130520105,0.03996475421712461,0.03846276972725378,0.011379539536553187,0.039776984462832975,0.0,0.07666694061493375,0.0,0.00015720200724017236,0.0225156414678798,0.014192715884358246,0.1353531972612971,0.0,0.016460232892012865,0.039319336600584,0.04821620488638393,0.03915401744495807,0.0,0.0,0.0034299694935825045,0.0,0.0,0.0,0.03742808179977091,0.0,0.03541831431319,0.08296717777831027,0.05328301347570616,0.0,0.05202725517268397
272,0.0,0.0,0.0,0.06110712570609092,0.0,0.0,0.018534036217647595,0.0,0.0,0.0,0.0,0.0,0.0,0.0,0.0,0.22689883515759998,0.0,0.0,0.0,0.0,0.0,0.0,0.03192713023109801,0.07098176812239583,0.09146442468371538,0.0,0.07071013040309145,0.0,0.0,0.03626756587923505,0.0,0.0,0.0,0.0,0.0,0.0,0.0,0.07960157875456711,0.0,0.0,0.0,0.9999999999999996,0.0,0.0,0.0,0.0,0.04095992246744233,0.0,0.0,0.0,0.0,0.0,0.0,0.0,0.0,0.0,0.0,0.0,0.0026940262593601358,0.0,0.0,0.0,0.0,0.0,0.0,0.0,0.0,0.0,0.0,0.00720170028705842,0.0,0.0,0.0,0.0,0.0,0.0,0.0,0.0,0.03796219072583763,0.0,0.0,0.0,0.0,0.0,0.0,0.0,0.004161822012183906,0.0,0.0,0.0,0.0,0.0,0.0789184568741568
273,0.0,0.0,0.0,0.0,0.0,0.0,0.0,0.0,0.0,0.0,0.0,0.0,0.0,0.0,0.0,0.09832464009280738,0.0,0.07282787320936672,0.17775272514678833,0.0,0.0,0.004904782933267504,0.0,0.0,0.2809075907606884,0.0,0.005013571602282525,0.0,0.0,0.018695337556710354,0.0,0.0,0.0,0.0,0.0,0.0,0.0,0.04221147891306474,0.0,0.0,0.02476202178972092,0.0,0.9999999999999996,0.0,0.07742378803844413,0.09294090150695136,0.0,0.0,0.0,0.0,0.0,0.0,0.0,0.0,0.0,0.0,0.0,0.0,0.0,0.053548649056858064,0.0,0.0,0.03693947792146351,0.10023433485611428,0.0,0.022270631465776947,0.0,0.019628486498625128,0.0,0.0,0.0,0.0,0.0,0.0,0.0,0.0,0.0,0.0,0.008594087153843676,0.0,0.0,0.0,0.0,0.0,0.0,0.0,0.18995117060549377,0.0,0.0,0.0,0.151884802742675,0.0,0.0
274,0.0,0.0,0.0,0.0,0.0,0.0,0.019095905039018354,0.0,0.0,0.0,0.0,0.0,0.16565619525303715,0.0,0.0,0.0,0.0,0.0,0.025387766078584652,0.0,0.11070830813796129,0.01442106524432458,0.0,0.0,0.0,0.0,0.0,0.0,0.0,0.004346324911014427,0.0,0.01848888521107252,0.0,0.0,0.0,0.0,0.0,0.0,0.0,0.0,0.0,0.0,0.0,0.9999999999999996,0.08453270588150037,0.1162393039189002,0.0,0.0,0.0,0.0,0.0,0.0,0.0,0.0,0.0,0.0,0.0,0.0,0.0,0.0,0.0,0.0,0.05784157081937501,0.045560323009710926,0.01879754285733275,0.003115001765051795,0.0,0.02274489737556288,0.0,0.0,0.0,0.0,0.05254334628811745,0.0,0.0,0.0,0.0,0.008886533247154502,0.021083219312800182,0.0,0.0,0.0,0.0,0.0,0.0,0.0,0.024605438162789338,0.0,0.0,0.0,0.12763286067255816,0.0,0.0
275,0.0011963966395475223,0.0,0.0,0.0029311315103297646,0.0,0.0068380838291568135,0.004370915040766857,0.014644712123882849,0.0,0.0,0.0,0.0,0.46709857826272777,0.0,0.0,0.050632706943202405,0.0,0.13004644255071673,0.0422447948931841,0.07086471124442144,0.08296064975358153,0.07337627212027216,0.07769913540557095,0.07132823686447332,0.04375162651317446,0.0,0.042335421614790404,0.0,0.0022895118668001817,0.0018962099698633464,0.02623504590772378,0.024823818220130574,0.0,0.0,0.07039557159613744,0.0,0.0,0.19520566658088642,0.0,0.0,0.08440485931738764,0.0,0.07742378803844413,0.08453270588150037,1.0,0.026364754208093272,0.968113802527147,0.9902647150017283,0.0,0.0,0.0,0.0014781309914483833,0.0,0.0,0.0,8.787923521614992e-06,0.0,0.0,0.000231509648819136,0.004145939254323211,0.026283721671482352,0.08783668783829263,0.05881760169410333,0.01794055635703624,0.0018243529884342383,0.003577673768944593,0.0007099059252257376,0.013370009985634354,0.0,0.004790704181296229,0.0,0.00047368606877791947,0.004441631237803259,0.06943562576751733,0.0,0.0,0.0014031996718016292,0.4516035941929382,0.0088606241419879,0.0,0.0,0.0,0.0026211938290344548,0.0,0.0,0.0,0.08433918845133184,0.0,0.0006623290111472499,0.0,0.022874868258270755,0.0,0.001153174543453662
276,0.06402852862283157,0.0,0.0,0.031816013027872306,0.0,0.08927517244287166,0.17425755002143434,0.07969155558699903,0.003823214389282656,0.09216893874453623,0.0,0.0,0.11290181084613538,0.0,0.06703067986461916,0.09605129532509431,0.14123522369750716,0.129774898510493,0.0883808217737551,0.17706315870106717,0.11069262776787128,0.08729128796550324,0.12767661383356443,0.0903174908759374,0.1253642165766015,0.0,0.08589599843933074,0.0,0.003876381529606184,0.011704167213096646,0.0,0.0025773531680372383,0.06078681363298015,0.0,0.10708306079505939,0.5854376392163215,0.11934956733138549,0.15946865897289667,0.0,0.014440211242514664,0.11818490278145202,0.0,0.09294090150695136,0.1162393039189002,0.026364754208093272,0.9999999999999994,0.014906721747217397,0.00020292171653959708,0.0,0.2342163154374837,0.059202864414603075,0.0,0.0,0.0,0.0,0.2618228766091225,0.0,0.0,0.0047236716462485135,0.03884359738742982,0.09775034182476858,0.1486125030538422,0.03311495888873901,0.21734017254054291,0.01806642241287853,0.1388242043867046,0.01761419180943034,0.08211396549281687,0.0,0.008161276828951906,0.0,0.011085024937376195,0.013944369664939121,0.12515181359512262,0.0,0.0,0.12539309213509914,0.13244652974698848,0.02197646132312147,0.35764432562746523,0.0,0.2590447173381657,0.55577982632124,0.0,0.0,0.0,0.11711371326528437,0.0,0.1360989606736309,0.0,0.14915913841208567,0.0,0.21998220580982225
277,0.009060711364569683,0.00026545297458340286,0.0,0.011346844310513108,0.0,0.0,0.0010662298396210176,0.0,0.0017107421962992658,0.0027901567565076415,0.01562037985039845,0.0,0.4472711423316549,0.0,0.0,0.016512242780509372,0.0,0.06601583425487298,0.012298624794047251,0.020340966966154787,0.00901698683518114,0.004841021811562598,0.03815227694363293,0.008901983144973355,0.0056814250675134865,0.01456027261628968,0.011054125649615856,0.0,0.0002923801367773919,0.0017135959975939526,0.0,0.02263571410031228,0.0,0.0,0.008239037772133877,0.0233023897555349,0.0027042046198637957,0.18806994960646367,0.015805114642160695,0.0,0.017068658027278878,0.04095992246744233,0.0,0.0,0.968113802527147,0.014906721747217397,0.9999999999999998,0.977171957594108,0.20026215423171648,0.0,0.0,0.0,0.0004871903707763569,0.0,0.0,0.0030415348573810774,0.0,0.02055913753915529,0.0022903010458592116,0.002661367091989584,0.02067752617958769,0.10385004170707357,0.041075012992652156,0.011952954823955737,0.0031996528086112464,0.004891363697196215,0.0013455686610743638,0.012457744002572936,0.039224274607889874,0.0026991790677320282,0.0,0.0019644762950760722,0.009396779227621254,0.07267316852288483,0.0,0.0,0.027528415843411574,0.4451662128375586,0.004899082576204392,0.0,0.0,0.0,0.004026110244475183,0.0,0.0,0.0,0.06974730290095224,0.0,0.004737479642460101,0.0,0.006566731327381709,0.0,0.029307120561242288
278,0.0008092862663585206,0.0,0.0,0.0011028483380811833,0.0,0.0,0.0004924665613392153,0.0,2.8889446565813832e-05,0.0,0.0,0.0,0.45743021109126436,0.0,0.003027296112010722,0.0001776698344788542,0.0,0.056401895767422015,0.0009274256279697935,0.00010169683246741995,0.0004314618656100847,8.109723304070465e-05,0.03268257330048654,0.0001459746447175169,0.0,0.0,0.0008717655572921451,0.0,9.53967421718084e-06,3.1487529186672603e-07,0.0,0.023161991027780066,0.0,0.0,3.283474589406911e-05,0.0,0.0,0.18272112163099927,0.0,0.0,0.012155576046295847,0.0,0.0,0.0,0.9902647150017283,0.00020292171653959708,0.977171957594108,0.9999999999999998,0.0,0.0,0.0,0.0,0.0017591739516058752,0.007729264243527958,0.002893473396027795,0.0005362629703934302,0.0,0.0,0.0009689212036254443,5.52596080098321e-06,0.017555666823286003,0.08743674935318681,0.037888290803328326,0.0010710799880967294,0.00015493177073540708,0.00024015788498981652,0.0003983287603932317,0.00894193186458761,0.0,0.0007442840763003981,0.0,0.00011399539904196219,0.00043691748554875956,0.0692211885317322,0.0,0.005426445724064506,0.0,0.4551738209441115,0.003512072873825631,0.0,0.0,0.0,0.0,0.0,0.0,0.0,0.06751701832903938,0.0,0.00043365299746932353,0.0,0.0007620118959747026,0.0,0.0007519260382843772
279,0.0012369798034160887,0.0,0.0,0.0,0.0,0.0,0.0,0.0,0.0,0.0,0.0,0.0,0.0,0.0,0.0,0.0,0.0,0.011916936268054254,0.02696184471503709,0.05656496742555033,0.0,0.0,0.0,0.0051386907011142366,0.0,0.0,0.0,0.0,0.00017729299598624138,0.0,0.0,0.0,0.0,0.0,0.0,0.0,0.0,0.0,0.0,0.0,0.0,0.0,0.0,0.0,0.0,0.0,0.20026215423171648,0.0,0.9999999999999996,0.0,0.0,0.0,0.0,0.0,0.0,0.0,0.0,0.0,0.0,0.0,0.0,0.05936797273881109,0.0,0.005283390942545861,0.0,0.0,0.0,0.0,0.0,0.0,0.0,0.0,0.02217668587174643,0.0,0.0,0.0,0.12560487865904787,0.0,0.0,0.0,0.0,0.0,0.017650047500418875,0.0,0.0,0.0,0.0,0.0,0.0,0.0,0.0,0.0,0.10946444930383648
27,0.1257525401985688,0.0,0.0,0.0,0.0,0.0,0.0,0.0,0.0,0.0,0.0,0.0,0.0,0.0,0.0,0.0,0.0,0.0,0.0,0.0,0.05494698401007246,0.0,0.0174259742351879,0.0,0.0,0.0,0.0,0.0,0.0,0.0,0.0,0.0,0.0,0.0,0.0,0.0,0.0,0.0,0.0,0.0,0.0,0.0,0.0,0.0,0.0,0.2342163154374837,0.0,0.0,0.0,0.9999999999999996,0.0,0.0,0.0,0.0,0.0,0.0,0.0,0.0,0.0,0.0,0.0,0.14823840512966785,0.0,0.0,0.0,0.036648100575565876,0.0,0.0,0.0,0.0,0.0,0.0,0.0,0.015888069719763902,0.0,0.0,0.0,0.0,0.010603165491590636,0.0,0.0,0.0,0.0,0.0,0.0,0.0,0.019885171926081177,0.0,0.1306626303121224,0.0,0.0,0.0,0.09629626103111433
28,0.0,0.0,0.0,0.0,0.0,0.0,0.0,0.0,0.043959024867138555,0.0,0.0,0.0,0.0,0.0,0.0,0.0,0.0,0.0,0.0,0.023130727370978692,0.0,0.0,0.029358008098345392,0.0,0.0,0.0,0.1201764535135344,0.0,0.0,0.0,0.0,0.0041862865116792875,0.0,0.0,0.0,0.0,0.0,0.039477016695611426,0.0,0.0,0.0,0.0,0.0,0.0,0.0,0.059202864414603075,0.0,0.0,0.0,0.0,0.9999999999999996,0.0,0.0,0.0,0.0,0.022571070236646975,0.0,0.0,0.0,0.0,0.0,0.0,0.0,0.029407749422377553,0.056537984921372596,0.0,0.04756692569572706,0.0,0.0,0.0034276889985237514,0.0,0.006628015942978869,0.01422936449890256,0.0,0.0,0.0,0.03792410415700767,0.0,0.0,0.0,0.0,0.0,0.0,0.0,0.0,0.0,0.0,0.0,0.0,0.0,0.0,0.0,0.0
29,0.042332635317148586,0.0,0.0,0.0,0.0,0.0,0.0,0.0,0.0,0.0,0.0,0.0,0.011879668337803346,0.0,0.0,0.0,0.0,0.02334026830910168,0.0,0.0,0.0,0.0,0.0,0.06539781595958073,0.0,0.0,0.0,0.0,0.0,0.0,0.0,0.0,0.0,0.0,0.0,0.0,0.0,0.0,0.0,0.0,0.0,0.0,0.0,0.0,0.0014781309914483833,0.0,0.0,0.0,0.0,0.0,0.0,0.9999999999999996,0.0,0.0,0.0,0.0,0.0,0.0,0.005666564057213058,0.0,0.0,0.013083066852652238,0.036252423975610154,0.0,0.0,0.003107607635799954,0.0,0.0,0.0,0.0,0.0,0.012230973458081445,0.0,0.0,0.0,0.0,0.159015168784243,0.04057623726703133,0.0,0.0,0.0,0.0,0.0,0.0,0.0,0.0,0.0,0.0,0.0,0.0,0.0,0.0,0.0
2,0.0,0.0,0.0,0.031848036791387854,0.0,0.0,0.16464101619514188,0.0,0.01642216594864986,0.0,0.0,0.0,0.0,0.0,0.0,0.0,0.0,0.0,0.041794884096590226,0.004567630878796806,0.023524026305012276,0.01477412508979944,0.0,0.0,0.0,0.0,0.0,0.0,0.005422814616185325,0.0,0.0,0.0,0.0,0.0,0.01866486589577776,0.0,0.0,0.0,0.0,0.0,0.0,0.0,0.0,0.0,0.0,0.0,0.0004871903707763569,0.0017591739516058752,0.0,0.0,0.0,0.0,0.9999999999999996,0.0,0.0,0.14921172136466665,0.0,0.0,0.0,0.0031412247753775527,0.0,0.0,0.0,0.0,0.0,0.028142504920905313,0.0,0.0,0.0,0.03104394629490743,0.0,0.0,0.015853936911412965,0.029663985890045305,0.0,0.0,0.0,0.0,0.0,0.0,0.0,0.0,0.0,0.0,0.0,0.0,0.0021573195900865833,0.0,0.00040013131145871295,0.0,0.029349881632748435,0.0,0.2069698549012684
30,0.0,0.0,0.0,0.08293657403992698,0.0,0.0,0.0,0.0,0.0,0.0,0.0,0.0,0.046475466167252504,0.0,0.0,0.0,0.0,0.0,0.0,0.01121360491524048,0.048875759734347685,0.007129653649906723,0.09123907008066656,0.0,0.0,0.0,0.0419874231810315,0.0,0.0,0.0,0.0,0.0,0.0,0.0,0.0,0.0,0.0,0.0,0.0,0.0,0.0,0.0,0.0,0.0,0.0,0.0,0.0,0.007729264243527958,0.0,0.0,0.0,0.0,0.0,0.9999999999999996,0.0,0.01565786189680679,0.0,0.0,0.09561235454507504,0.0,0.004064102362907435,0.011957887446622807,0.03684372018357031,0.06370042509095818,0.0,0.01807784236409482,0.0,0.027042332391940007,0.0,0.0,0.0,0.013632372754863703,0.0505382722178518,0.0,0.0,0.0,0.0,0.0,0.04590394822476581,0.0,0.0,0.0,0.0,0.0,0.0,0.0,0.0,0.0,0.0,0.0,0.07939409956939403,0.0,0.0
31,0.0,0.0,0.0,0.00021944907738803826,0.0,0.0,0.060161630163992535,0.0,0.0,0.0,0.0,0.0,0.0,0.0,0.0,0.0,0.0,0.059270415768351445,0.12025445177757245,0.0,0.00425279500559829,0.0,0.006159186597795576,0.0421494379288714,0.0,0.0,0.0,0.0,0.0,0.0,0.0,0.0,0.0,0.0,0.0,0.0,0.0,0.0,0.0,0.0,0.0,0.0,0.0,0.0,0.0,0.0,0.0,0.002893473396027795,0.0,0.0,0.0,0.0,0.0,0.0,0.9999999999999996,0.0,0.0,0.0,0.014019690380252598,0.0,0.016257434278762063,0.02858480932693794,0.0,0.03818230509480638,0.0,0.0,0.006257249454921959,0.020605192068770716,0.0,0.0,0.0,0.0,0.0023166403960893076,0.0,0.0,0.0,0.0,0.0,0.005010424261340626,0.0,0.0,0.0,0.0,0.0,0.0,0.0,0.0,0.0,0.1045979782510821,0.0,0.011672031546086543,0.0,0.0
3,0.5546835450588176,0.0,0.0,0.5886047259013625,0.0,0.0,0.7220604066837153,0.0,0.6640449597394791,0.03781106598111904,0.08299982621779764,0.0,0.6050400448937555,0.0,0.0,0.4372977946675594,0.027899997068409954,0.10765281950089506,0.3240718413940737,0.08273927014801177,0.06918884787407843,0.0023179352046617386,0.18852295010857756,0.006584809994218173,0.47348758460732115,0.0,0.20884258179972315,0.09561004745246848,0.2129697332177575,0.24667092502206808,0.0,0.21237853115288746,0.03109990227708461,0.012050562591793452,0.025234768283164018,0.0,0.03596110681894683,0.6010384246127564,0.0,0.018838403296551117,0.07663246781768215,0.0,0.0,0.0,8.787923521614992e-06,0.2618228766091225,0.0030415348573810774,0.0005362629703934302,0.0,0.0,0.022571070236646975,0.0,0.14921172136466665,0.01565786189680679,0.0,0.9999999999999994,0.0,0.07140176965417416,0.2768556851023113,0.40257578222577695,0.09396617086275091,0.3836111999697867,0.04246935318768628,0.45494277148785756,0.01778049466280134,0.2849338275790818,0.11781293674119767,0.05343530183104503,0.0,0.0985614607256533,0.0,0.011736668041835405,0.027708912700950706,0.007142413390629402,0.0,0.02814915187080035,0.43376750348427223,0.5585466148951815,0.08818735781856665,0.5239260289427814,0.0,0.22144515484992408,0.0033501922444532776,0.024370050349304607,0.0,0.0,0.13094584044120217,0.0,0.6389922332055014,0.3719097349102155,0.6413483034362562,0.13708523205554246,0.7114632246051316
4,0.0,0.0,0.0,0.04689123477374106,0.0,0.0,0.0,0.0,0.0,0.0,0.0,0.0,0.09041288728211896,0.0,0.0,0.0,0.0,0.0,0.0,0.013982928935996083,0.0,0.0,0.0,0.0,0.0,0.0,0.0,0.0,0.0,0.0,0.0,0.0,0.0,0.0,0.04584524548386435,0.0,0.0,0.06527771880966012,0.0,0.0,0.0,0.0,0.0,0.0,0.0,0.0,0.0,0.0,0.0,0.0,0.0,0.0,0.0,0.0,0.0,0.0,0.9999999999999996,0.0,0.17852721415040337,0.01635463733362045,0.0,0.0,0.0,0.0,0.18671460442031695,0.006411623790788309,0.0,0.0,0.0,0.03530721978123683,0.0,0.008086229912638913,0.0,0.046145266039230796,0.0,0.0,0.06107909096299381,0.0,0.0,0.0,0.0,0.0,0.0,0.0,0.0,0.0,0.0,0.0,0.0,0.0,0.0,0.0,0.1698420967889469
559,0.2278175813622507,0.0,0.0,0.04787975028962709,0.0,0.0,0.0,0.0,0.08282163937757048,0.0,0.0,0.0,0.0,0.0,0.0,0.05707157741947215,0.0,0.11750333256085009,0.11492545659969731,0.0,0.08642022063354585,0.0,0.006370944263535969,0.0,0.0,0.0,0.04611322872348366,0.0,0.0,0.0,0.0,0.0,0.0,0.0,0.026063190839173148,0.0,0.0,0.0,0.0,0.0,0.0,0.0,0.0,0.0,0.0,0.0,0.02055913753915529,0.0,0.0,0.0,0.0,0.0,0.0,0.0,0.0,0.07140176965417416,0.0,0.9999999999999996,0.0,0.0,0.025280759670197533,0.025811902716076307,0.0,0.0,0.0,0.0,0.0,5.413135111505457e-05,0.0,0.014179024380014262,0.0,0.07188987442221709,0.14963266983721515,0.0,0.0,0.0,0.0,0.0,0.0,0.0,0.0,0.0,0.0,0.0,0.0,0.0,0.008398067571351394,0.0,0.0,0.0,0.0,0.0,0.0
560,0.5912249211788949,0.0,0.0,0.633464468625446,0.10497863895041656,0.03263103092122458,0.7063571987846506,0.0,0.3367492731726889,0.0,0.020276058985691073,0.01650562948788125,0.29021685049455,0.08776249654580785,0.02451681679991433,0.4873973854969735,0.0,0.15485592879792165,0.8272475132444543,0.10885945039797158,0.03855516210883817,0.006648364346047566,0.24654705876070782,0.010104169713290447,0.5202223848332638,0.0007732984986311144,0.6489942417204865,0.09591482601065514,0.202752114907806,0.45169861185889193,0.0,0.20824281687924953,0.0,0.06757173923805905,0.09502700596991673,0.0,0.0,0.6295248908778623,0.0,0.011575442543444846,0.07264979926946798,0.0026940262593601358,0.0,0.0,0.000231509648819136,0.0047236716462485135,0.0022903010458592116,0.0009689212036254443,0.0,0.0,0.0,0.005666564057213058,0.0,0.09561235454507504,0.014019690380252598,0.2768556851023113,0.17852721415040337,0.0,0.9999999999999996,0.8039000209264309,0.7870244146519322,0.7670945689836469,0.7460845072945886,0.776335293692254,0.8559775874123463,0.848262238628932,0.7836270565425717,0.8215785810264535,0.047215016147134276,0.8094200046799731,0.746862362810639,0.7485185131995197,0.7663810324604924,0.7845410275734381,0.445986218056518,0.021215136194411448,0.22548247479407177,0.23806652075881166,0.11357936564995973,0.0,0.09745792462315916,0.0,0.001172528995186497,0.0008918811397488302,0.0,0.05727794945508915,0.7405378328276997,0.0,0.32892843517389975,0.0,0.6793962782799505,0.032590675899323004,0.6553667729282624
561,0.7453700226163937,0.11095443895565582,0.02260223642550429,0.6026992689415487,0.026385570117850445,0.0,0.722549318758385,0.0,0.5044826280404827,0.0,0.05858280890356585,0.01116399957767918,0.4149749002217202,0.0,0.0,0.6440225054610264,0.051954720781588075,0.19325221101103646,0.8216190767241962,0.08732182258072435,0.04197733333039069,0.0018087326284701491,0.056479056443967536,0.0006529256262149069,0.32110836413921345,0.0,0.7111373935440191,0.0,0.0002427145839510016,0.28530701273179315,0.0,0.0013815360869778653,0.0,0.0,0.09329216304173164,0.0,0.0,0.65204835623047,0.0,0.08742436675456819,0.03800044905681574,0.0,0.053548649056858064,0.0,0.004145939254323211,0.03884359738742982,0.002661367091989584,5.52596080098321e-06,0.0,0.0,0.0,0.0,0.0031412247753775527,0.0,0.0,0.40257578222577695,0.01635463733362045,0.0,0.8039000209264309,0.9999999999999994,0.8382091927047628,0.9006612992359232,0.8261034857242726,0.6962067027527465,0.7829048161391703,0.9193387389922735,0.8718392222697242,0.8415203628697804,0.04373051690650085,0.8518577022850876,0.8236194373804324,0.821475329067831,0.8247648915472139,0.7915384447480637,0.0,0.0,0.3030178248993598,0.37070508800051355,0.06953861073300405,0.05759145515762952,0.10722853497287708,0.018024755109550154,0.0,0.0,0.09720897862226247,0.0,0.7419267385012295,0.0,0.4929144458930856,0.07797710122623557,0.6270663066434209,0.0,0.7869102950814103
562,0.5140408716127921,0.03145174175496545,0.0,0.3909649537759959,0.10362222221273883,0.0,0.5615357911657753,0.0,0.09722121842017241,0.10669035461463795,0.0,0.021152752437822064,0.08864464321668265,0.0,0.013736172330258634,0.494224848577383,0.0,0.29963882061077335,0.8443130707155684,0.2329553279866533,0.14078332705249247,0.13896697838625935,0.17327170855030566,0.13954191308411268,0.12720976024866867,0.0,0.7806681479679807,0.0,0.004533201931006033,0.2927711208259785,0.0018347117342313827,0.001728777868848405,0.0028062122896368243,0.0,0.22170882141354495,0.1190704702675281,0.0,0.45668388035067436,0.0,0.0,0.14308295030742474,0.0,0.0,0.0,0.026283721671482352,0.09775034182476858,0.02067752617958769,0.017555666823286003,0.0,0.0,0.0,0.0,0.0,0.004064102362907435,0.016257434278762063,0.09396617086275091,0.0,0.025280759670197533,0.7870244146519322,0.8382091927047628,0.9999999999999996,0.8285634680430364,0.9522950712426647,0.6924203059150115,0.9065084468730048,0.9268807698429976,0.9566801292924954,0.9730817741090243,0.0,0.9803240906374224,0.9478272172911327,0.9475967356224877,0.9321088949687616,0.9557951846928672,0.059328107739304546,0.11462143895127182,0.12470921579164469,0.09052926328145741,0.04578765011397427,0.0,0.012304844924826952,0.02236663871316088,0.0004389585770756767,0.0,0.01296283081967508,0.021443092063253753,0.813728851894184,0.014818199603205564,0.11197065863179623,0.0,0.43211031771696756,0.13268204304187095,0.547587020004642
563,0.797626931233399,0.04042318250079572,0.0,0.672360051170072,0.0,0.06264682230178555,0.6587793009728382,0.014780506008727797,0.5375940247473764,0.025099905687147657,0.0,0.03606028719200979,0.48889868131310243,0.0,0.04691448296962126,0.6585863352111978,0.0,0.2093630307097076,0.8025827643573377,0.1411034870337125,0.06801541088124546,0.01957422749263125,0.13832795324607064,0.024453580238175354,0.32827473537804136,0.00954263202390612,0.7027005548413285,0.007741240637091354,0.0009148236933792935,0.2623426606223708,0.004842836915277174,0.003780123759409948,0.018073522251289394,0.006755311665649734,0.09638194783442595,0.12430714775787202,0.010168362535593304,0.6554666002029716,0.015750776498201995,0.0,0.04283158810349015,0.0,0.0,0.0,0.08783668783829263,0.1486125030538422,0.10385004170707357,0.08743674935318681,0.05936797273881109,0.14823840512966785,0.0,0.013083066852652238,0.0,0.011957887446622807,0.02858480932693794,0.3836111999697867,0.0,0.025811902716076307,0.7670945689836469,0.9006612992359232,0.8285634680430364,1.0,0.7679208298701939,0.8058870858208049,0.7131900779161389,0.8624330368021044,0.815588563863557,0.8030382982049663,0.08987077027265482,0.8239595541146879,0.7492111352090878,0.7503209592435716,0.7443036618976416,0.7669126016769688,0.0,0.14033390556751119,0.3339168888107391,0.42156384943197445,0.23845827560075447,0.0,0.0,0.0,0.04924318824307862,0.0,0.0,0.16543133626233686,0.6758159290866504,0.0,0.5686644955793108,0.0,0.6410396214763151,0.16753355934344377,0.7876755523800841
564,0.41289269841051435,0.0,0.0,0.34756308738687536,0.04512986497921018,0.0,0.5223756759381629,0.02118220719010588,0.02296706666142626,0.0028648722142821177,0.0,0.02504400576851912,0.05584483913867842,0.0,0.0,0.46980418696024445,0.0,0.34488993844661103,0.8086004441486014,0.25654531948379233,0.19555642496016357,0.19105911792717578,0.17514454154269757,0.18954565729522796,0.07673189730683083,0.005051337946384897,0.7856877840212473,0.0,0.006020665993054438,0.29052383512078017,0.0,0.003991084857031005,0.0,0.006152552219551215,0.28101681105344056,0.003985627416624008,0.0,0.39243353750396437,0.015023226449173503,0.12061942363855754,0.19579543772323352,0.0,0.03693947792146351,0.05784157081937501,0.05881760169410333,0.03311495888873901,0.041075012992652156,0.037888290803328326,0.0,0.0,0.0,0.036252423975610154,0.0,0.03684372018357031,0.0,0.04246935318768628,0.0,0.0,0.7460845072945886,0.8261034857242726,0.9522950712426647,0.7679208298701939,0.9999999999999996,0.5921908099286108,0.9056741919822813,0.887329340540318,0.9503885181140814,0.9514031207241102,0.07717376261776555,0.9541920443801271,0.9595958913349607,0.958552145481453,0.9378533361825252,0.9336991345608914,0.0,0.004008861935419942,0.04171113406076664,0.03968165069676574,0.08456727094894638,0.0,0.022031503310377235,0.003858321482186417,0.0014526041050991912,0.024284882205733146,0.013967283117335262,0.07095959660843419,0.8393556624882864,0.0,0.024803512785513442,0.04609145370856881,0.3699738984808699,0.048441483862213995,0.483349796746261
565,0.6765368910331376,0.0,0.0,0.6410665643173671,0.006621547002785402,0.026280678349497148,0.6235428527847146,0.0,0.4553786311890596,0.025682218842792193,0.0,0.022890257969511007,0.3954656815912567,0.032171024593004964,0.0,0.5959775654799618,0.0012039119501753932,0.2064667116600152,0.7651102905582475,0.23319167895718404,0.11104177680856833,0.061154560732666154,0.29415293675341037,0.06656342916350289,0.5698866988591708,0.0,0.5851930538954517,0.020165709189627793,0.16995965606096852,0.3659219724444661,0.0682932591038453,0.17315340073514018,0.0,0.1305259209882218,0.12711879948486068,0.23432222072171255,0.0,0.6278503058470515,0.0,0.0,0.11997796130520105,0.0,0.10023433485611428,0.045560323009710926,0.01794055635703624,0.21734017254054291,0.011952954823955737,0.0010710799880967294,0.005283390942545861,0.0,0.029407749422377553,0.0,0.0,0.06370042509095818,0.03818230509480638,0.45494277148785756,0.0,0.0,0.776335293692254,0.6962067027527465,0.6924203059150115,0.8058870858208049,0.5921908099286108,0.9999999999999996,0.6058270599160858,0.7334266445486944,0.6183039119907925,0.6742444651646857,0.12894887353528273,0.6784196440721719,0.5426877944761495,0.5433472219233598,0.5612863812928812,0.6103669130270674,0.3038897424611723,0.08628909418117119,0.28230047737194713,0.3195246311824785,0.14115635386556735,0.09364067467004208,0.022747048239282874,0.0,0.03808317778103478,0.0034921514444929,0.0,0.06420455328806318,0.5594911154763316,0.0,0.47683010983853624,0.0,0.7497849035565023,0.4895867224483953,0.6873323211617097
566,0.37838997827033216,0.042241710146692785,0.004173806570071156,0.3195060839620117,0.0,0.0,0.5221359922380272,0.016070362106785568,0.009941014799499461,0.0,0.0,0.02266258718156168,0.03992575898780273,0.0,0.016177014112528424,0.34001458316700434,0.005416471509539022,0.15293019672316557,0.7669181542552793,0.07039764494727471,0.008584108729636964,0.0002847723296535901,0.06662266010462978,0.0009173326645968567,0.15392598675613642,0.0,0.6792844790445111,0.007868882974843668,3.9312052060984056e-05,0.28785390982271725,0.0,0.005581485951180632,0.0,0.003978916197411183,0.1019252087523778,0.0,0.0,0.41845563956832915,0.0,0.0,0.03996475421712461,0.0,0.0,0.01879754285733275,0.0018243529884342383,0.01806642241287853,0.0031996528086112464,0.00015493177073540708,0.0,0.0,0.056537984921372596,0.0,0.0,0.0,0.0,0.01778049466280134,0.18671460442031695,0.0,0.8559775874123463,0.7829048161391703,0.9065084468730048,0.7131900779161389,0.9056741919822813,0.6058270599160858,1.0,0.8887855006974419,0.918264549974616,0.9521178396530414,0.08128740818982456,0.9280705870003648,0.9336960435339744,0.9343000569010145,0.935576755558499,0.9261611006030874,0.2673096497854192,0.019526438519178964,0.041884451271810084,0.028035753731088468,0.010279154234406361,0.019742181688074376,0.0,0.00904667832425511,0.0,0.04325681205750041,0.003441578452954879,0.0,0.8186901974250346,0.0777207683001615,0.0028326498437921677,0.004308439341845258,0.36511504058107436,0.0,0.47155332106037307
567,0.6300757622846277,0.040909286451816504,0.0,0.49557866557361513,0.01009590464809001,0.0,0.6648093719282134,0.028332244325519968,0.2757786038729533,0.14449787753866794,0.0,0.0,0.2500976348712614,0.015028385471630074,0.0,0.5233537725478797,0.0,0.18260542174208053,0.8454008561921962,0.10420834455043579,0.036664379155379415,0.004901276368752483,0.0745967750079806,0.013886413106363987,0.2565199387683287,0.0038778022982036008,0.7219411563193998,0.0,0.00046088002292532726,0.2960527380044636,0.03472173272000931,0.00238786810411082,0.010893126972063277,0.04772332045209574,0.1094509748955904,0.08704232854874545,0.0,0.5612543505602324,0.030554310604880893,0.0,0.03846276972725378,0.0,0.022270631465776947,0.003115001765051795,0.003577673768944593,0.1388242043867046,0.004891363697196215,0.00024015788498981652,0.0,0.036648100575565876,0.0,0.003107607635799954,0.028142504920905313,0.01807784236409482,0.0,0.2849338275790818,0.006411623790788309,0.0,0.848262238628932,0.9193387389922735,0.9268807698429976,0.8624330368021044,0.887329340540318,0.7334266445486944,0.8887855006974419,0.9999999999999996,0.9308022973684971,0.9419928692429165,0.04789032924066381,0.918307135935115,0.9043857564105879,0.9042128531793638,0.9012186159173774,0.900325682092939,0.1246118371869564,0.009384025088330783,0.2652031082765194,0.2020817924236577,0.05019922389760533,0.16861961828233485,0.1361168833868493,0.0,0.0,0.0,0.0058525942671269395,0.0,0.8094109650292326,0.0,0.2898577525220848,0.0,0.5508199916098816,0.033122870523544276,0.6668888857148613
568,0.4991233527317108,0.0007657926566694295,0.024563682677485706,0.39754996975289536,0.02631892103390529,0.0,0.5994252011338748,0.04806934017124001,0.11948947088543144,0.04644113828363545,0.0,0.04686213747721618,0.09450177592524275,0.030940986537350192,0.0,0.4377520949541725,0.005712382622034144,0.18411950705510785,0.801771735985517,0.08274570503188541,0.016289365802606336,0.0015380816910298425,0.07024115253092936,0.006720414289281444,0.09426041048182356,0.01706794918209307,0.745773922265508,0.01803602767666355,0.00030672191205872903,0.3048297874579625,0.0,0.0004314490699502308,0.07161382087105292,0.05866492043303627,0.09602560860435269,0.0,0.0,0.43393996998122814,0.06112950147005645,0.018461898505064755,0.011379539536553187,0.0,0.0,0.0,0.0007099059252257376,0.01761419180943034,0.0013455686610743638,0.0003983287603932317,0.0,0.0,0.04756692569572706,0.0,0.0,0.0,0.006257249454921959,0.11781293674119767,0.0,0.0,0.7836270565425717,0.8718392222697242,0.9566801292924954,0.815588563863557,0.9503885181140814,0.6183039119907925,0.918264549974616,0.9308022973684971,0.9999999999999998,0.9685571518812957,0.0,0.9696108345546888,0.9749070844572127,0.9752827662678853,0.950755664526331,0.937570078284431,0.004665202271382769,0.07006862224327402,0.10392161356297129,0.08698596533473263,0.022068388021639837,0.0,0.0,0.0,0.002266117673362279,0.0,0.0,0.0,0.8218213560269346,0.0,0.12444680799181301,0.07367202822619656,0.41838826822559305,0.032233991222486345,0.5593589403809954
569,0.45348796521252716,0.0,0.0,0.3498052017575729,0.0036498029423232764,0.0,0.5468624541059403,0.014896172656182184,0.06541534052882339,0.030335540048974204,0.0,0.0,0.06423700374699377,0.003374740452214029,0.0,0.41246828317949763,0.004213092295825298,0.18999305672457964,0.8127165231310021,0.11668439982494973,0.03073072079824321,0.02064555559089042,0.08771902403476735,0.023190892511327776,0.1328976360422019,0.0,0.7211613111321638,0.0004562878800181235,0.0008776814060294514,0.30158562926964144,0.0,0.0025587796648576743,0.0,0.03577732582794375,0.11710653287255436,0.1219291112747631,0.0,0.42635569060097345,0.0,0.0,0.039776984462832975,0.0,0.019628486498625128,0.02274489737556288,0.013370009985634354,0.08211396549281687,0.012457744002572936,0.00894193186458761,0.0,0.0,0.0,0.0,0.0,0.027042332391940007,0.020605192068770716,0.05343530183104503,0.0,5.413135111505457e-05,0.8215785810264535,0.8415203628697804,0.9730817741090243,0.8030382982049663,0.9514031207241102,0.6742444651646857,0.9521178396530414,0.9419928692429165,0.9685571518812957,0.9999999999999993,0.032162358925413526,0.9704028654022671,0.9746031843426901,0.9723004992656507,0.9565294425046964,0.9706136133777457,0.1321799430397374,0.05715871744246107,0.0732305434637944,0.055116695206682394,0.017635644475275793,0.0,0.030086704702370324,0.0,0.0,0.022975568243316247,0.0,0.0,0.8391553265780297,0.015976124788138705,0.0824647064924054,0.0,0.4188180599351221,0.05164100544840991,0.5144463477716642
570,0.06408300164080047,0.0,0.0,0.15658065050227224,0.0,0.0,0.0,0.0,0.0,0.0,0.0,0.0,0.0,0.0,0.0,0.05524077474412308,0.0,0.006830901636140745,0.03792714259712137,0.002593138271123122,0.0,0.0,0.0,0.0,0.0,0.0,0.013511842973659736,0.0,0.0,0.0,0.0,0.0,0.0,0.0,0.0724669595884317,0.0,0.0,0.0,0.0,0.0,0.0,0.0,0.0,0.0,0.0,0.0,0.039224274607889874,0.0,0.0,0.0,0.0,0.0,0.0,0.0,0.0,0.0,0.0,0.0,0.047215016147134276,0.04373051690650085,0.0,0.08987077027265482,0.07717376261776555,0.12894887353528273,0.08128740818982456,0.04789032924066381,0.0,0.032162358925413526,0.9999999999999996,0.03876218464519485,0.0,0.008276802515980126,0.035877883798048515,0.0,0.0,0.0,0.007556624066277465,0.0,0.0,0.0,0.0,0.0,0.0,0.0,0.0,0.0,0.053922320835898464,0.0,0.0,0.0,0.051014472753377615,0.0,0.0
571,0.5128142829958006,0.012097238154949782,0.021162815827466087,0.39505983299751685,0.11167972290910452,0.0,0.5724034083022662,0.0,0.10353798181544288,0.008314588270834042,0.0,0.0,0.0842300849825818,0.034058190154440324,0.0,0.46032181037409703,0.010365839656030638,0.23058835193954308,0.8232114605153215,0.15216697030069984,0.0764588141104126,0.07331379540402047,0.12036228114704715,0.06900237467422313,0.11288806641981912,0.0,0.7578394678029331,0.014407898250197702,0.00254365871610257,0.2971279110373573,0.0,0.0005926752911753551,0.0,0.0,0.15960745072649463,0.0,0.0005680849932578345,0.4451465323908305,0.014332544844257302,0.0,0.07666694061493375,0.00720170028705842,0.0,0.0,0.004790704181296229,0.008161276828951906,0.0026991790677320282,0.0007442840763003981,0.0,0.0,0.0034276889985237514,0.0,0.03104394629490743,0.0,0.0,0.0985614607256533,0.03530721978123683,0.014179024380014262,0.8094200046799731,0.8518577022850876,0.9803240906374224,0.8239595541146879,0.9541920443801271,0.6784196440721719,0.9280705870003648,0.918307135935115,0.9696108345546888,0.9704028654022671,0.03876218464519485,0.9999999999999994,0.9617138911857099,0.960217005066323,0.9390690522671494,0.9444616179671934,0.05741742459922737,0.12709467848630168,0.08709104334494007,0.07224957083331406,0.01784341659433789,0.0,0.0,0.0,0.0,0.03667145194872905,0.0,0.0,0.8136374440831919,0.0,0.1022533608096119,0.0,0.4337796764095338,0.14345551712012783,0.5487568877394327
572,0.37970480604136225,0.0,0.0,0.2749601407767086,0.0,0.0,0.503002591880992,0.0,0.0,0.0,0.0,0.0,0.0,0.0,0.0,0.3498779167460703,0.0,0.16047635547150846,0.7511714429904482,0.07023180703103868,0.0,0.0,0.032752910507625875,0.0,0.0,0.0,0.6905674048784018,0.0,0.0,0.2999621477517156,0.0,0.0,0.0,0.0,0.09198973964217393,0.0,0.0,0.33611600703575034,0.0,0.0,0.0,0.0,0.0,0.0,0.0,0.0,0.0,0.0,0.0,0.0,0.0,0.0,0.0,0.0,0.0,0.0,0.0,0.0,0.746862362810639,0.8236194373804324,0.9478272172911327,0.7492111352090878,0.9595958913349607,0.5426877944761495,0.9336960435339744,0.9043857564105879,0.9749070844572127,0.9746031843426901,0.0,0.9617138911857099,0.9999999999999996,0.9959730463698724,0.9649299962493582,0.9551870907097711,0.0,0.0,0.0,0.0,0.0,0.0,0.0,0.0,0.0,0.0,0.0,0.0,0.8331133610186695,0.0,0.0,0.0,0.33701008978636376,0.0,0.45589116368514326
573,0.40221055643835013,0.0,0.0,0.2907644858984871,0.0,0.0,0.5130603483518302,0.031110689237170773,0.007784578364975983,0.008277210769457276,0.0,0.0,0.004318374691085858,0.0154567586466606,0.002758775541887869,0.3555056824738409,0.0,0.17059347667481997,0.7614128262866179,0.07088055125127106,0.008158038359098055,0.00012369999523257892,0.037987114523265336,0.0019231474852393672,0.0031367984374448153,0.0,0.699730642624128,0.0,0.0,0.29925242537119295,0.0,0.0004512150511592739,0.0144947703197132,0.0,0.09708747335319022,0.0,0.0,0.3415883963665137,0.008777929928550298,0.0027092476761999525,0.00015720200724017236,0.0,0.0,0.0,0.00047368606877791947,0.011085024937376195,0.0019644762950760722,0.00011399539904196219,0.0,0.0,0.006628015942978869,0.012230973458081445,0.0,0.013632372754863703,0.0,0.011736668041835405,0.008086229912638913,0.07188987442221709,0.7485185131995197,0.821475329067831,0.9475967356224877,0.7503209592435716,0.958552145481453,0.5433472219233598,0.9343000569010145,0.9042128531793638,0.9752827662678853,0.9723004992656507,0.008276802515980126,0.960217005066323,0.9959730463698724,0.9999999999999996,0.9746658569309302,0.9522405744160329,0.0,5.078043631027104e-05,0.017530019219041466,0.015112984364695955,0.0029969060971504102,0.0,0.0,0.024495117712849172,0.0,0.0,0.0,0.0,0.8394026316567277,0.013373935286851569,0.0035210022527156905,0.0,0.33863335372621334,0.0,0.46579966577375453
574,0.43891920328682527,0.1547165365518274,0.007590398170813928,0.32492420509093645,0.0,0.0,0.5233471791996133,0.0,0.02479488630357368,0.018521111959818693,0.02305396316738098,0.019765037288594873,0.025807525117452042,0.0,0.003865117429379949,0.3860027418619529,0.0,0.18994753516027757,0.7744435173623407,0.07145645426143366,0.02599908052679348,0.0013522794490490723,0.04768205175316767,0.0017181541258300171,0.05422329113392529,0.0,0.7029411930260389,0.0,0.0001613968154426641,0.2984387310370287,0.0,0.003346905856604766,0.06995333490158306,0.0,0.10233058571455252,0.0,0.004231712907696623,0.37180899076799717,0.0,0.018760280312324934,0.0225156414678798,0.0,0.0,0.05254334628811745,0.004441631237803259,0.013944369664939121,0.009396779227621254,0.00043691748554875956,0.02217668587174643,0.0,0.01422936449890256,0.0,0.015853936911412965,0.0505382722178518,0.0023166403960893076,0.027708912700950706,0.0,0.14963266983721515,0.7663810324604924,0.8247648915472139,0.9321088949687616,0.7443036618976416,0.9378533361825252,0.5612863812928812,0.935576755558499,0.9012186159173774,0.950755664526331,0.9565294425046964,0.035877883798048515,0.9390690522671494,0.9649299962493582,0.9746658569309302,0.9999999999999996,0.9294710668943553,0.07316566777934501,0.0,0.027201161314341783,0.020959501092474884,0.010710029117332999,0.0,0.0343898011426349,0.0,0.00039141955903819285,0.0,0.001259572669640154,0.0,0.8343744514325856,0.04153916485785284,0.00757269423425255,0.01126290599491751,0.36154881387019416,0.0,0.47522385686546703
575,0.3915320907513251,0.0,0.0,0.3437099944997198,0.14032573838146567,0.0,0.5198758225690147,0.010398463976888608,0.00048714689898473213,0.010872871012022,0.004734248191025721,0.0,0.0482940377735523,0.0,0.0,0.34655205098337144,0.0,0.16675949859675515,0.747759071126491,0.10256545537186385,0.010214896909850509,0.008422826782756717,0.07419195318344415,0.000653762914453528,0.05648549558814964,0.0,0.6677042963763008,0.0,0.0006361645094579465,0.28888061581249924,0.029738687925059785,0.003850194452847564,0.0,0.0,0.09053662715201616,0.20354523778556577,0.0036591185078089475,0.3706055063497566,0.012911491961205408,0.0,0.014192715884358246,0.0,0.0,0.0,0.06943562576751733,0.12515181359512262,0.07267316852288483,0.0692211885317322,0.0,0.015888069719763902,0.0,0.0,0.029663985890045305,0.0,0.0,0.007142413390629402,0.046145266039230796,0.0,0.7845410275734381,0.7915384447480637,0.9557951846928672,0.7669126016769688,0.9336991345608914,0.6103669130270674,0.9261611006030874,0.900325682092939,0.937570078284431,0.9706136133777457,0.0,0.9444616179671934,0.9551870907097711,0.9522405744160329,0.9294710668943553,0.9999999999999991,0.09548323832411888,0.0,0.020001587669798114,0.03194012638926394,0.08765231348834687,0.0,0.0,0.0,0.0018137229374677632,0.0,0.0,0.08860022324760566,0.8291123982306338,0.0,0.03237122925213733,0.0,0.37413133386246816,0.012988681529370083,0.47954954837802044
576,0.0,0.0,0.0,0.10957350253273242,0.0,0.0,0.12649643899145246,0.0,0.0,0.0,0.0,0.0,0.0,0.0,0.0,0.0,0.0,0.0,0.2051535167088438,0.0,0.021507069330837788,0.0,0.08646260185746961,0.0,0.5630570338334832,0.0,0.05200339594904159,0.0,0.0,0.02386576635257134,0.0,0.01007230831043553,0.0,0.0,0.0,0.0,0.0,0.3018099756144707,0.0,0.0,0.1353531972612971,0.0,0.0,0.0,0.0,0.0,0.0,0.0,0.0,0.0,0.0,0.0,0.0,0.0,0.0,0.0,0.0,0.0,0.445986218056518,0.0,0.059328107739304546,0.0,0.0,0.3038897424611723,0.2673096497854192,0.1246118371869564,0.004665202271382769,0.1321799430397374,0.0,0.05741742459922737,0.0,0.0,0.07316566777934501,0.09548323832411888,0.9999999999999996,0.0,0.0,0.0,0.0,0.0,0.0,0.0,0.0,0.0,0.0,0.0,0.08422063517637483,0.0,0.0,0.0,0.1421296915340112,0.0,0.0
577,0.13045707492363515,0.0,0.0,0.07466184233200114,0.0,0.0,0.0,0.0,0.0,0.0,0.0,0.0,0.0,0.0,0.0,0.03274147453294275,0.0,0.0,0.09323747537742023,0.0,0.0,0.0,0.19445219773945388,0.0,0.0,0.0,0.1008456909822795,0.0,0.0,0.0,0.0,0.0,0.0,0.0,0.0,0.0,0.0,0.10555807596472404,0.0,0.0,0.0,0.0,0.0,0.0,0.0,0.0,0.0,0.005426445724064506,0.0,0.0,0.0,0.0,0.0,0.0,0.0,0.02814915187080035,0.0,0.0,0.021215136194411448,0.0,0.11462143895127182,0.14033390556751119,0.004008861935419942,0.08628909418117119,0.019526438519178964,0.009384025088330783,0.07006862224327402,0.05715871744246107,0.0,0.12709467848630168,0.0,5.078043631027104e-05,0.0,0.0,0.0,0.9999999999999996,0.0,0.0,0.0,0.0,0.0,0.0,0.0,0.0,0.0,0.0,0.0,0.0,0.0,0.0,0.0,0.0,0.06927969875212671
578,0.5612946665751095,0.0,0.15293586152740862,0.46541334518166694,0.0,0.002765734125540108,0.4102595143635329,0.07847488507728578,0.5458690100964053,0.5814839586082373,0.0,0.0,0.4588509807879104,0.12000367567261142,0.0,0.3508785615247585,0.0,0.060791640334874504,0.3036739208911215,0.050040500342839585,0.03786991383725247,6.685957251086633e-05,0.038332583644052017,0.05251186309872143,0.3383064864200153,0.0,0.17736598343553758,0.020793471186177935,0.0015018594653759061,0.035396074869256576,0.0,0.0034049618005902536,0.0,0.0,0.04523076929388907,0.019554980090967244,0.0,0.4541498952505067,0.0,0.0,0.016460232892012865,0.0,0.0,0.0,0.0014031996718016292,0.12539309213509914,0.027528415843411574,0.0,0.12560487865904787,0.0,0.03792410415700767,0.159015168784243,0.0,0.0,0.0,0.43376750348427223,0.06107909096299381,0.0,0.22548247479407177,0.3030178248993598,0.12470921579164469,0.3339168888107391,0.04171113406076664,0.28230047737194713,0.041884451271810084,0.2652031082765194,0.10392161356297129,0.0732305434637944,0.007556624066277465,0.08709104334494007,0.0,0.017530019219041466,0.027201161314341783,0.020001587669798114,0.0,0.0,0.9999999999999996,0.5057069988534195,0.17351249474971578,0.0,0.1695898230135096,0.19920961627911102,0.0036180817238042912,0.4456024083022826,0.0,0.06844605047265946,0.14145538365194402,0.05894294909961666,0.542682401358491,0.0,0.36148712105499947,0.0,0.500295844206058
579,0.5986622200277671,0.0,0.03472295575770518,0.47418134800928763,0.0,0.0,0.4461941527061356,0.0,0.7160984360582526,0.0,0.0,0.10044893136331497,0.8426927115290255,0.0,0.0,0.4519477263101972,0.0,0.09772807784661378,0.2825816227831795,0.03848917247308841,0.04635042209915174,0.00012822289274990449,0.0653303762157074,0.00393826160517151,0.4355015472388814,0.0,0.24129402458662608,0.0,0.0003270469346246875,0.04533807514429491,0.0,0.019114947294496528,0.0,0.0,0.04326802624392594,0.0,0.1237315586693996,0.6652004952659273,0.0,0.0,0.039319336600584,0.0,0.0,0.008886533247154502,0.4516035941929382,0.13244652974698848,0.4451662128375586,0.4551738209441115,0.0,0.0,0.0,0.04057623726703133,0.0,0.0,0.0,0.5585466148951815,0.0,0.0,0.23806652075881166,0.37070508800051355,0.09052926328145741,0.42156384943197445,0.03968165069676574,0.3195246311824785,0.028035753731088468,0.2020817924236577,0.08698596533473263,0.055116695206682394,0.0,0.07224957083331406,0.0,0.015112984364695955,0.020959501092474884,0.03194012638926394,0.0,0.0,0.5057069988534195,0.9999999999999996,0.12645524483110895,0.0024220454221680903,0.05677678238620297,0.4466759380052039,0.00012762707192857047,0.0,0.0,0.0,0.20925789049373397,0.2748119924232496,0.6972578314119898,0.0,0.4395155441965034,0.0,0.596335903537653
580,0.15164948736991735,0.0,0.0,0.4664805106796515,0.0,0.010698365949692371,0.06855128099053472,0.0,0.13853916310991282,0.03907814610649609,0.0,0.0,0.2634739119170203,0.027023103194923046,0.029519334251232224,0.1273414275120775,0.022456786894785048,0.054629311115990266,0.07507172536905032,0.05170935269531613,0.056597534184621115,0.043677162962481336,0.15683108075168198,0.0504682481925086,0.11375364209404007,0.0,0.08194913720372814,0.0,0.001371937293852106,0.013019478934443043,0.008131767603295703,0.014250878477324216,0.0,0.07151099749422302,0.04860047042481845,0.0,0.015358733273715097,0.10443515447661372,0.0,0.0,0.04821620488638393,0.03796219072583763,0.008594087153843676,0.021083219312800182,0.0088606241419879,0.02197646132312147,0.004899082576204392,0.003512072873825631,0.0,0.010603165491590636,0.0,0.0,0.0,0.04590394822476581,0.005010424261340626,0.08818735781856665,0.0,0.0,0.11357936564995973,0.06953861073300405,0.04578765011397427,0.23845827560075447,0.08456727094894638,0.14115635386556735,0.010279154234406361,0.05019922389760533,0.022068388021639837,0.017635644475275793,0.0,0.01784341659433789,0.0,0.0029969060971504102,0.010710029117332999,0.08765231348834687,0.0,0.0,0.17351249474971578,0.12645524483110895,0.9999999999999992,0.0,0.021904593570582873,0.0,0.02187321829638499,0.0,0.0,0.9768565240662059,0.2043948146728428,0.11578802182757032,0.1303938406136269,0.0,0.09182651896058992,0.0,0.10825112232901946
581,0.0,0.0,0.0,0.0,0.0,0.0,0.19225571562231766,0.0,0.0,0.0,0.0,0.0,0.16236900623107736,0.0,0.0,0.0,0.0,0.0,0.0,0.0,0.0,0.0,0.0,0.0,0.005300672375888122,0.0,0.0,0.0,0.0,0.0,0.0,9.903385129865776e-05,0.0,0.0,0.0,0.0,0.0,0.09664358147064436,0.0,0.0,0.03915401744495807,0.0,0.0,0.0,0.0,0.35764432562746523,0.0,0.0,0.0,0.0,0.0,0.0,0.0,0.0,0.0,0.5239260289427814,0.0,0.0,0.0,0.05759145515762952,0.0,0.0,0.0,0.09364067467004208,0.019742181688074376,0.16861961828233485,0.0,0.0,0.0,0.0,0.0,0.0,0.0,0.0,0.0,0.0,0.0,0.0024220454221680903,0.0,0.9999999999999996,0.0,0.0,0.0,0.0,0.0,0.0,0.0,0.0,0.0,0.0,0.13399915994824535,0.0,0.13178179270548135
582,0.23377619649658093,0.0,0.0,0.09150450138704772,0.0,0.0,0.0,0.0,0.0,0.0,0.0,0.0,0.0,0.0,0.0,0.0,0.0,0.0,0.0,0.0,0.005663403097380562,0.0,0.0,0.0,0.0,0.0,0.0,0.0,0.0,0.0012039898945139346,0.0,0.004646315020315845,0.0,0.0,0.11248796393339451,0.0,0.0,0.0,0.0,0.0,0.0,0.0,0.0,0.0,0.0,0.0,0.0,0.0,0.0,0.0,0.0,0.0,0.0,0.0,0.0,0.0,0.0,0.0,0.09745792462315916,0.10722853497287708,0.012304844924826952,0.0,0.022031503310377235,0.022747048239282874,0.0,0.1361168833868493,0.0,0.030086704702370324,0.0,0.0,0.0,0.0,0.0343898011426349,0.0,0.0,0.0,0.1695898230135096,0.05677678238620297,0.021904593570582873,0.0,0.9999999999999996,0.0,0.0,0.0,0.0,0.0,0.23931819376618094,0.0,0.0,0.0,0.0,0.0,0.0
583,0.0,0.0,0.0,0.0,0.0,0.0,0.21936091795204504,0.0,0.0,0.0,0.0,0.0,0.0,0.0,0.0,0.0,0.0,0.004593266407120363,0.07733522733557684,0.0,0.0,0.0,0.0,0.0,0.06651298287979657,0.0,0.050647307911513194,0.0,0.0,0.0,0.0,0.0,0.0,0.0,0.08256840912299793,0.0,0.0,0.17956522072801556,0.0,0.0,0.0,0.0,0.0,0.0,0.0,0.2590447173381657,0.0,0.0,0.0,0.0,0.0,0.0,0.0,0.0,0.0,0.22144515484992408,0.0,0.0,0.0,0.018024755109550154,0.02236663871316088,0.0,0.003858321482186417,0.0,0.00904667832425511,0.0,0.0,0.0,0.0,0.0,0.0,0.024495117712849172,0.0,0.0,0.0,0.0,0.19920961627911102,0.4466759380052039,0.0,0.0,0.0,0.9999999999999996,0.0,0.0,0.0,0.0,0.28005926774778334,0.0,0.027205353913995263,0.0,0.0,0.0,0.24267274712821024
584,0.00045971857824000413,0.0,0.0,0.007642098890708754,0.0,0.0,0.039005328871569114,0.0,0.0,0.0,0.0,0.0,0.020826054143521063,0.0,0.0,0.0,0.0,0.00021033449119062212,0.0007262784344028558,0.0009983743619206102,0.0,0.0005450735096216046,0.00219800664821182,9.069813496462708e-05,0.06482241071428334,0.0,0.0,0.0,3.1292298006487346e-06,0.009750273408186289,0.0,0.00021286922221607526,0.0,0.0,0.0,0.0,0.0,0.0,0.0,0.0,0.0034299694935825045,0.0,0.0,0.0,0.0026211938290344548,0.55577982632124,0.004026110244475183,0.0,0.017650047500418875,0.0,0.0,0.0,0.0,0.0,0.0,0.0033501922444532776,0.0,0.0,0.001172528995186497,0.0,0.0004389585770756767,0.04924318824307862,0.0014526041050991912,0.03808317778103478,0.0,0.0,0.002266117673362279,0.0,0.0,0.0,0.0,0.0,0.00039141955903819285,0.0018137229374677632,0.0,0.0,0.0036180817238042912,0.00012762707192857047,0.02187321829638499,0.0,0.0,0.0,0.9999999999999998,0.0,0.0,0.020470861934501688,0.004546305386529107,0.0,0.0,0.0,0.0009931053318676913,0.0,0.0021600891339252507
585,0.0,0.0,0.0,0.0,0.0,0.0,0.05125572320623307,0.0,0.0,0.0,0.0,0.0,0.0,0.0,0.0,0.0,0.0,0.0,0.026133419171263206,0.0,0.0,0.0,0.0,0.0024352636826753243,0.019295851568400333,0.0,0.006235293897725919,0.0,0.0,0.0,0.0,0.0,0.0,0.0,0.014267747868245433,0.0,0.0,0.00491653193660869,0.0,0.0,0.0,0.0,0.0,0.0,0.0,0.0,0.0,0.0,0.0,0.0,0.0,0.0,0.0,0.0,0.0,0.024370050349304607,0.0,0.0,0.0008918811397488302,0.0,0.0,0.0,0.024284882205733146,0.0034921514444929,0.04325681205750041,0.0,0.0,0.022975568243316247,0.0,0.03667145194872905,0.0,0.0,0.0,0.0,0.0,0.0,0.4456024083022826,0.0,0.0,0.0,0.0,0.0,0.0,0.9999999999999996,0.0,0.0,0.04329436124679391,0.0,0.0,0.0,0.0,0.0,0.0
586,0.01599108130963913,0.0,0.0,0.0,0.0,0.0,0.0,0.0,0.0,0.0,0.0,0.0,0.046126286685000746,0.0,0.0,0.0660230852315884,0.0,0.0,0.013025647205647535,0.0,0.0215624379106806,0.0,0.0589329946364678,0.0,0.0,0.0,0.0,0.0,0.0,0.001177890760430217,0.0,0.0,0.0,0.0,0.0,0.0,0.0,0.0,0.0,0.0,0.0,0.0,0.0,0.0,0.0,0.0,0.0,0.0,0.0,0.0,0.0,0.0,0.0,0.0,0.0,0.0,0.0,0.0,0.0,0.09720897862226247,0.01296283081967508,0.0,0.013967283117335262,0.0,0.003441578452954879,0.0058525942671269395,0.0,0.0,0.0,0.0,0.0,0.0,0.001259572669640154,0.0,0.0,0.0,0.0,0.0,0.0,0.0,0.0,0.0,0.0,0.0,0.9999999999999996,0.0,0.024299797210287917,0.0,0.0,0.0,0.0,0.0,0.10827377862303955
587,0.0213906882550283,0.0,0.0,0.3733159314522424,0.0,0.0,0.0,0.0,0.0,0.0,0.0,0.0,0.1277231571466933,0.0,0.0,0.0,0.0,0.0,0.0,0.0,0.0,0.0,0.10737245237863131,0.0,0.0,0.0,0.0,0.0,0.0,0.0,0.0,0.01039864481022679,0.0,0.0,0.0,0.0,0.0,0.0,0.0,0.0,0.0,0.0,0.0,0.0,0.0,0.0,0.0,0.0,0.0,0.0,0.0,0.0,0.0,0.0,0.0,0.0,0.0,0.0,0.05727794945508915,0.0,0.021443092063253753,0.16543133626233686,0.07095959660843419,0.06420455328806318,0.0,0.0,0.0,0.0,0.0,0.0,0.0,0.0,0.0,0.08860022324760566,0.0,0.0,0.06844605047265946,0.0,0.9768565240662059,0.0,0.0,0.0,0.020470861934501688,0.0,0.0,0.9999999999999996,0.1881593143388403,0.0,0.0,0.0,0.0,0.0,0.01113956045597711
588,0.41258273914917265,0.043045806244377816,0.050813078866411614,0.43667769241599574,0.009311452432828009,0.0,0.5931842514707258,0.0,0.01578476826654532,0.0,0.0,0.0,0.10652382551850512,0.0,0.04588904422551417,0.3261986609422004,0.0,0.16778960471874083,0.7520089241144785,0.08728168314810399,0.01883744006736045,0.0018479931914028617,0.2220607503800742,0.0007648969999035629,0.18330897407129057,0.0021709084948529113,0.6247814128069902,0.0,0.20667260289823566,0.4531840205764478,0.03144419807121015,0.21465521777021598,0.0,0.0,0.13148322664562936,0.0,0.13348852989727136,0.4421733281968825,0.0658174470898839,0.0,0.03742808179977091,0.004161822012183906,0.18995117060549377,0.024605438162789338,0.08433918845133184,0.11711371326528437,0.06974730290095224,0.06751701832903938,0.0,0.019885171926081177,0.0,0.0,0.0021573195900865833,0.0,0.0,0.13094584044120217,0.0,0.008398067571351394,0.7405378328276997,0.7419267385012295,0.813728851894184,0.6758159290866504,0.8393556624882864,0.5594911154763316,0.8186901974250346,0.8094109650292326,0.8218213560269346,0.8391553265780297,0.053922320835898464,0.8136374440831919,0.8331133610186695,0.8394026316567277,0.8343744514325856,0.8291123982306338,0.08422063517637483,0.0,0.14145538365194402,0.20925789049373397,0.2043948146728428,0.0,0.23931819376618094,0.28005926774778334,0.004546305386529107,0.04329436124679391,0.024299797210287917,0.1881593143388403,0.9999999999999996,0.07699422974918976,0.025707355102593074,0.04874382130914319,0.45823616254369515,0.0,0.5135408728126064
589,0.1534800098495831,0.0,0.0,0.04548070204090223,0.0,0.0,0.0,0.0,0.0940198990287652,0.0,0.0,0.0,0.20999088528113782,0.0,0.0,0.01889443448941721,0.0,0.0,0.0,0.0,0.0,0.0,0.03982158724925153,0.0,0.0,0.0,0.09865949876474336,0.0,0.0,0.0,0.0,0.02963012119482145,0.0,0.0,0.0,0.0,0.0,0.0,0.0,0.0,0.0,0.0,0.0,0.0,0.0,0.0,0.0,0.0,0.0,0.0,0.0,0.0,0.0,0.0,0.0,0.0,0.0,0.0,0.0,0.0,0.014818199603205564,0.0,0.0,0.0,0.0777207683001615,0.0,0.0,0.015976124788138705,0.0,0.0,0.0,0.013373935286851569,0.04153916485785284,0.0,0.0,0.0,0.05894294909961666,0.2748119924232496,0.11578802182757032,0.0,0.0,0.0,0.0,0.0,0.0,0.0,0.07699422974918976,0.9999999999999996,0.0,0.0,0.0,0.0,0.0
5,0.7705019141988462,0.0,0.0,0.6479321415246685,0.0,0.009900570153500725,0.500849508099686,0.040603603365574795,0.9564431149912409,0.0,0.0,0.04475565488191505,0.7705683750513297,0.04824579547163105,0.04304092652985968,0.6255257290110551,0.016535602290451583,0.10267337024085005,0.364494378242127,0.07572330092990524,0.07650623084516563,4.050532740405565e-05,0.07427713125058717,0.007856761387786354,0.5655752920096033,0.0,0.27907672925322224,0.01701638269615875,0.00028310572197505973,0.06269305183290076,0.0,0.0,0.0,0.0,0.0022537711895757933,0.14041202344286424,0.05786064228056332,0.6620698690507633,0.08281382445998271,0.0,0.03541831431319,0.0,0.0,0.0,0.0006623290111472499,0.1360989606736309,0.004737479642460101,0.00043365299746932353,0.0,0.1306626303121224,0.0,0.0,0.00040013131145871295,0.0,0.1045979782510821,0.6389922332055014,0.0,0.0,0.32892843517389975,0.4929144458930856,0.11197065863179623,0.5686644955793108,0.024803512785513442,0.47683010983853624,0.0028326498437921677,0.2898577525220848,0.12444680799181301,0.0824647064924054,0.0,0.1022533608096119,0.0,0.0035210022527156905,0.00757269423425255,0.03237122925213733,0.0,0.0,0.542682401358491,0.6972578314119898,0.1303938406136269,0.0,0.0,0.027205353913995263,0.0,0.0,0.0,0.0,0.025707355102593074,0.0,0.9999999999999996,0.0,0.6343181397983533,0.0,0.7142822995326568
6,0.0,0.0,0.0,0.13048411363200155,0.0,0.0,0.3383142960008949,0.0,0.0,0.0,0.0,0.0,0.0,0.0,0.0,0.0,0.0,0.08219138169880855,0.0,0.0,0.03327820221538514,0.0,0.0,0.0,0.008863718883546269,0.0,0.0,0.0,0.0,0.0009016003488285202,0.0,0.0,0.0,0.0,0.0,0.0,0.0,0.08656147267507507,0.0,0.0,0.08296717777831027,0.0,0.0,0.0,0.0,0.0,0.0,0.0,0.0,0.0,0.0,0.0,0.0,0.0,0.0,0.3719097349102155,0.0,0.0,0.0,0.07797710122623557,0.0,0.0,0.04609145370856881,0.0,0.004308439341845258,0.0,0.07367202822619656,0.0,0.0,0.0,0.0,0.0,0.01126290599491751,0.0,0.0,0.0,0.0,0.0,0.0,0.0,0.0,0.0,0.0,0.0,0.0,0.0,0.04874382130914319,0.0,0.0,0.9999999999999996,0.0,0.0,0.1259431377366014
7,0.6660869376875974,0.048565520293625014,0.0,0.800496353852933,0.0927357702507485,0.02895119972433854,0.7751253736962497,0.002564384320156094,0.6453403943366007,0.02071123505985869,0.04176982796687019,0.0,0.5398120942357487,0.02732716498584244,0.020794021691135506,0.5604900941256343,0.02625648120813832,0.13401983911617085,0.6762919430883062,0.1698109884198364,0.07276514052398265,0.010081714930028724,0.4870611139551029,0.007800006119492018,0.662468916177345,0.0024660572464090236,0.43941110486618845,0.08827898056230954,0.5868416927668638,0.7072844515219678,0.0,0.5898877346395004,0.0,0.0,0.036464424043972855,0.10553423323750785,0.0,0.61801721589583,0.08394489434971691,0.0029500491637935956,0.05328301347570616,0.0,0.151884802742675,0.12763286067255816,0.022874868258270755,0.14915913841208567,0.006566731327381709,0.0007620118959747026,0.0,0.0,0.0,0.0,0.029349881632748435,0.07939409956939403,0.011672031546086543,0.6413483034362562,0.0,0.0,0.6793962782799505,0.6270663066434209,0.43211031771696756,0.6410396214763151,0.3699738984808699,0.7497849035565023,0.36511504058107436,0.5508199916098816,0.41838826822559305,0.4188180599351221,0.051014472753377615,0.4337796764095338,0.33701008978636376,0.33863335372621334,0.36154881387019416,0.37413133386246816,0.1421296915340112,0.0,0.36148712105499947,0.4395155441965034,0.09182651896058992,0.13399915994824535,0.0,0.0,0.0009931053318676913,0.0,0.0,0.0,0.45823616254369515,0.0,0.6343181397983533,0.0,0.9999999999999994,0.13506714529197708,0.7670007393932659
8,0.1861131483504417,0.0,0.0,0.07370089886405294,0.0,0.0,0.0,0.0,0.0,0.0,0.0,0.0,0.0,0.0,0.0,0.06673449048284599,0.0,0.0,0.051664094500396905,0.09280409792635395,0.0,0.0,0.043096286709185444,0.0,0.002697850246109352,0.0,0.02569897109502713,0.0,0.0,0.0,0.0,0.0,0.0,0.0,0.0,0.0,0.0,0.04694897596440082,0.0,0.0,0.0,0.0,0.0,0.0,0.0,0.0,0.0,0.0,0.0,0.0,0.0,0.0,0.0,0.0,0.0,0.13708523205554246,0.0,0.0,0.032590675899323004,0.0,0.13268204304187095,0.16753355934344377,0.048441483862213995,0.4895867224483953,0.0,0.033122870523544276,0.032233991222486345,0.05164100544840991,0.0,0.14345551712012783,0.0,0.0,0.0,0.012988681529370083,0.0,0.0,0.0,0.0,0.0,0.0,0.0,0.0,0.0,0.0,0.0,0.0,0.0,0.0,0.0,0.0,0.13506714529197708,0.9999999999999996,0.08257267003932432
9,0.7668108049796388,0.11118661321180066,0.0544922044645475,0.7364047902413418,0.0,0.04197291897181804,0.8270542992780004,0.05914491166797428,0.6947508776597343,0.04771292201604981,0.01954543598117391,0.051817107582558364,0.5854180961748399,0.0761455968267555,0.003926783266856312,0.660033700816355,0.0,0.16223503702842937,0.6851931707528989,0.13445138762512093,0.06735242058691807,0.003108189214900544,0.23009792915729274,0.013291545993353897,0.48860315945628957,0.007487042034176709,0.5465472877008603,0.0,0.2032654419886135,0.3796446929305201,0.0,0.20250668948070374,0.02311804118677048,0.0,0.0746398915413985,0.1217093337255004,0.0,0.7240069700670327,0.04043794451312709,0.1145478943190163,0.05202725517268397,0.0789184568741568,0.0,0.0,0.001153174543453662,0.21998220580982225,0.029307120561242288,0.0007519260382843772,0.10946444930383648,0.09629626103111433,0.0,0.0,0.2069698549012684,0.0,0.0,0.7114632246051316,0.1698420967889469,0.0,0.6553667729282624,0.7869102950814103,0.547587020004642,0.7876755523800841,0.483349796746261,0.6873323211617097,0.47155332106037307,0.6668888857148613,0.5593589403809954,0.5144463477716642,0.0,0.5487568877394327,0.45589116368514326,0.46579966577375453,0.47522385686546703,0.47954954837802044,0.0,0.06927969875212671,0.500295844206058,0.596335903537653,0.10825112232901946,0.13178179270548135,0.0,0.24267274712821024,0.0021600891339252507,0.0,0.10827377862303955,0.01113956045597711,0.5135408728126064,0.0,0.7142822995326568,0.1259431377366014,0.7670007393932659,0.08257267003932432,0.9999999999999992
